	seqid	source	exon_type	start	end	length	homology	strand	phase	attributes
0	GRA_SL+_TRINITY_DN42647_c0_g1_i3	TRINITY	tlh	7	117.0	111.0	62.16	+	.	GRA_OG0030309
1	GRA_SL+_TRINITY_DN42647_c0_g1_i3	TRINITY	intron	118	131.0	14.0	0.0	+	.	GRA_OG0030309
2	GRA_SL+_TRINITY_DN42647_c0_g1_i3	TRINITY	TS	132	149.0	18.0	0.0	+	.	GRA_OG0030309
3	GRA_SL+_TRINITY_DN42647_c0_g1_i3	TRINITY	intron	150	157.0	8.0	0.0	+	.	GRA_OG0030309
4	GRA_SL+_TRINITY_DN42647_c0_g1_i3	TRINITY	tlh	158	193.0	36.0	55.56	+	.	GRA_OG0030309
5	GRA_SL+_TRINITY_DN42647_c0_g1_i3	TRINITY	intron	194	205.0	12.0	0.0	+	.	GRA_OG0030309
6	GRA_SL+_TRINITY_DN42647_c0_g1_i3	TRINITY	fine	206	293.0	88.0	98.86	+	.	GRA_OG0030309
7	GRA_SL+_TRINITY_DN42647_c0_g1_i3	TRINITY	intron	294	425.0	132.0	0.0	+	.	GRA_OG0030309
8	GRA_SL+_TRINITY_DN42647_c0_g1_i3	TRINITY	fine	426	482.0	57.0	100.0	+	.	GRA_OG0030309
9	GRA_SL+_TRINITY_DN42647_c0_g1_i3	TRINITY	intron	483	1781.0	1299.0	0.0	+	.	GRA_OG0030309
10	GRA_SL+_TRINITY_DN42647_c0_g1_i3	TRINITY	fine	1782	1833.0	52.0	100.0	+	.	GRA_OG0030309
11	GRA_SL+_TRINITY_DN42647_c0_g1_i3	TRINITY	intron	1834	4273.0	2440.0	0.0	+	.	GRA_OG0030309
12	GRA_SL+_TRINITY_DN42647_c0_g1_i3	TRINITY	fine	4274	4325.0	52.0	98.08	+	.	GRA_OG0030309
13	GRA_SL+_TRINITY_DN42647_c0_g1_i3	TRINITY	intron	4326	4960.0	635.0	0.0	+	.	GRA_OG0030309
14	GRA_SL+_TRINITY_DN42647_c0_g1_i3	TRINITY	fine	4961	5092.0	132.0	99.24	+	.	GRA_OG0030309
15	GRA_SL+_TRINITY_DN42647_c0_g1_i3	TRINITY	intron	5093	5439.0	347.0	0.0	+	.	GRA_OG0030309
16	GRA_SL+_TRINITY_DN42647_c0_g1_i3	TRINITY	fine	5440	5593.0	154.0	99.35	+	.	GRA_OG0030309
17	GRA_SL+_TRINITY_DN42647_c0_g1_i3	TRINITY	intron	5594	5949.0	356.0	0.0	+	.	GRA_OG0030309
18	GRA_SL+_TRINITY_DN42647_c0_g1_i3	TRINITY	fine	5950	6033.0	84.0	100.0	+	.	GRA_OG0030309
19	GRA_SL+_TRINITY_DN42647_c0_g1_i3	TRINITY	intron	6034	7702.0	1669.0	0.0	+	.	GRA_OG0030309
20	GRA_SL+_TRINITY_DN42647_c0_g1_i3	TRINITY	fine	7703	7769.0	67.0	100.0	+	.	GRA_OG0030309
21	GRA_SL+_TRINITY_DN42647_c0_g1_i3	TRINITY	intron	7770	8909.0	1140.0	0.0	+	.	GRA_OG0030309
22	GRA_SL+_TRINITY_DN42647_c0_g1_i3	TRINITY	tlh	8910	9073.0	164.0	93.29	+	.	GRA_OG0030309
23	GRA_SL+_TRINITY_DN42647_c0_g1_i3	TRINITY	intron	9074	9259.0	186.0	0.0	+	.	GRA_OG0030309
24	GRA_SL+_TRINITY_DN42647_c0_g1_i3	TRINITY	TS	9260	9278.0	19.0	0.0	+	.	GRA_OG0030309
25	GRA_SL+_TRINITY_DN42647_c0_g1_i3	TRINITY	intron	9279	9681.0	403.0	0.0	+	.	GRA_OG0030309
26	GRA_SL+_TRINITY_DN42647_c0_g1_i3	TRINITY	TS	9682	9692.0	11.0	0.0	+	.	GRA_OG0030309
27	GRA_SL+_TRINITY_DN42647_c0_g1_i3	TRINITY	intron	9693	9741.0	49.0	0.0	+	.	GRA_OG0030309
28	GRA_SL+_TRINITY_DN42647_c0_g1_i3	TRINITY	tlh	9742	9797.0	56.0	71.43	+	.	GRA_OG0030309
29	GRA_SL+_TRINITY_DN42647_c0_g1_i3	TRINITY	intron	9798	9929.0	132.0	0.0	+	.	GRA_OG0030309
30	GRA_SL+_TRINITY_DN42647_c0_g1_i3	TRINITY	TS	9930	9953.0	24.0	0.0	+	.	GRA_OG0030309
31	GRA_SL+_TRINITY_DN42647_c0_g1_i3	TRINITY	intron	9954	10000.0	47.0	0.0	+	.	GRA_OG0030309
32	GRA_SL+_TRINITY_DN42647_c0_g1_i3	TRINITY	tlh	10001	10072.0	72.0	68.06	+	.	GRA_OG0030309
33	GRA_SL+_TRINITY_DN42647_c0_g1_i3	TRINITY	intron	10073	10183.0	111.0	0.0	+	.	GRA_OG0030309
34	GRA_SL+_TRINITY_DN42647_c0_g1_i3	TRINITY	tlh	10184	10241.0	58.0	70.69	+	.	GRA_OG0030309
35	GRA_SL+_TRINITY_DN42647_c0_g1_i3	TRINITY	intron	10242	10501.0	260.0	0.0	+	.	GRA_OG0030309
36	GRA_SL+_TRINITY_DN42647_c0_g1_i3	TRINITY	TS	10502	10508.0	7.0	0.0	+	.	GRA_OG0030309
37	GRA_SL+_TRINITY_DN42647_c0_g1_i3	TRINITY	intron	10509	10723.0	215.0	0.0	+	.	GRA_OG0030309
38	GRA_SL+_TRINITY_DN42647_c0_g1_i3	TRINITY	TS	10724	10753.0	30.0	0.0	+	.	GRA_OG0030309
39	GRA_SL+_TRINITY_DN42647_c0_g1_i3	TRINITY	intron	10754	10865.0	112.0	0.0	+	.	GRA_OG0030309
40	GRA_SL+_TRINITY_DN42647_c0_g1_i3	TRINITY	tlh	10866	10898.0	33.0	57.58	+	.	GRA_OG0030309
41	GRA_SL+_TRINITY_DN42647_c0_g1_i3	TRINITY	intron	10899	11013.0	115.0	0.0	+	.	GRA_OG0030309
42	GRA_SL+_TRINITY_DN42647_c0_g1_i3	TRINITY	TS	11014	11033.0	20.0	0.0	+	.	GRA_OG0030309
43	GRA_SL+_TRINITY_DN42647_c0_g1_i3	TRINITY	intron	11034	11386.0	353.0	0.0	+	.	GRA_OG0030309
44	GRA_SL+_TRINITY_DN42647_c0_g1_i3	TRINITY	TS	11387	11408.0	22.0	0.0	+	.	GRA_OG0030309
45	GRA_SL+_TRINITY_DN42647_c0_g1_i3	TRINITY	intron	11409	11444.0	36.0	0.0	+	.	GRA_OG0030309
46	GRA_SL+_TRINITY_DN42647_c0_g1_i3	TRINITY	TS	11445	11473.0	29.0	0.0	+	.	GRA_OG0030309
47	GRA_SL+_TRINITY_DN42647_c0_g1_i3	TRINITY	intron	11474	11508.0	35.0	0.0	+	.	GRA_OG0030309
48	GRA_SL+_TRINITY_DN42647_c0_g1_i3	TRINITY	TS	11509	11518.0	10.0	0.0	+	.	GRA_OG0030309
49	GRA_SL+_TRINITY_DN42854_c0_g2_i2	TRINITY	TS	11	20.0	10.0	0.0	+	.	GRA_OG0030307
50	GRA_SL+_TRINITY_DN42854_c0_g2_i2	TRINITY	intron	21	45.0	25.0	0.0	+	.	GRA_OG0030307
51	GRA_SL+_TRINITY_DN42854_c0_g2_i2	TRINITY	tlh	46	91.0	46.0	65.22	+	.	GRA_OG0030307
52	GRA_SL+_TRINITY_DN42854_c0_g2_i2	TRINITY	intron	92	120.0	29.0	0.0	+	.	GRA_OG0030307
53	GRA_SL+_TRINITY_DN42854_c0_g2_i2	TRINITY	TS	121	127.0	7.0	0.0	+	.	GRA_OG0030307
54	GRA_SL+_TRINITY_DN42854_c0_g2_i2	TRINITY	intron	128	157.0	30.0	0.0	+	.	GRA_OG0030307
55	GRA_SL+_TRINITY_DN42854_c0_g2_i2	TRINITY	TS	158	164.0	7.0	0.0	+	.	GRA_OG0030307
56	GRA_SL+_TRINITY_DN42854_c0_g2_i2	TRINITY	intron	165	185.0	21.0	0.0	+	.	GRA_OG0030307
57	GRA_SL+_TRINITY_DN42854_c0_g2_i2	TRINITY	tlh	186	227.0	42.0	61.9	+	.	GRA_OG0030307
58	GRA_SL+_TRINITY_DN42854_c0_g2_i2	TRINITY	intron	228	231.0	4.0	0.0	+	.	GRA_OG0030307
59	GRA_SL+_TRINITY_DN42854_c0_g2_i2	TRINITY	TS	232	243.0	12.0	0.0	+	.	GRA_OG0030307
60	GRA_SL+_TRINITY_DN42854_c0_g2_i2	TRINITY	intron	244	246.0	3.0	0.0	+	.	GRA_OG0030307
61	GRA_SL+_TRINITY_DN42854_c0_g2_i2	TRINITY	TS	247	264.0	18.0	0.0	+	.	GRA_OG0030307
62	GRA_SL+_TRINITY_DN42854_c0_g2_i2	TRINITY	intron	265	276.0	12.0	0.0	+	.	GRA_OG0030307
63	GRA_SL+_TRINITY_DN42854_c0_g2_i2	TRINITY	TS	277	296.0	20.0	0.0	+	.	GRA_OG0030307
64	GRA_SL+_TRINITY_DN42854_c0_g2_i2	TRINITY	intron	297	314.0	18.0	0.0	+	.	GRA_OG0030307
65	GRA_SL+_TRINITY_DN42854_c0_g2_i2	TRINITY	TS	315	326.0	12.0	0.0	+	.	GRA_OG0030307
66	GRA_SL+_TRINITY_DN42854_c0_g2_i2	TRINITY	intron	327	329.0	3.0	0.0	+	.	GRA_OG0030307
67	GRA_SL+_TRINITY_DN42854_c0_g2_i2	TRINITY	TS	330	341.0	12.0	0.0	+	.	GRA_OG0030307
68	GRA_SL+_TRINITY_DN42854_c0_g2_i2	TRINITY	intron	342	363.0	22.0	0.0	+	.	GRA_OG0030307
69	GRA_SL+_TRINITY_DN42854_c0_g2_i2	TRINITY	TS	364	372.0	9.0	0.0	+	.	GRA_OG0030307
70	GRA_SL+_TRINITY_DN42854_c0_g2_i2	TRINITY	intron	373	486.0	114.0	0.0	+	.	GRA_OG0030307
71	GRA_SL+_TRINITY_DN42854_c0_g2_i2	TRINITY	tlh	487	590.0	104.0	62.5	+	.	GRA_OG0030307
72	GRA_SL+_TRINITY_DN42854_c0_g2_i2	TRINITY	intron	591	666.0	76.0	0.0	+	.	GRA_OG0030307
73	GRA_SL+_TRINITY_DN42854_c0_g2_i2	TRINITY	tlh	667	744.0	78.0	61.54	+	.	GRA_OG0030307
74	GRA_SL+_TRINITY_DN42854_c0_g2_i2	TRINITY	intron	745	831.0	87.0	0.0	+	.	GRA_OG0030307
75	GRA_SL+_TRINITY_DN42854_c0_g2_i2	TRINITY	TS	832	843.0	12.0	0.0	+	.	GRA_OG0030307
76	GRA_SL+_TRINITY_DN42854_c0_g2_i2	TRINITY	intron	844	918.0	75.0	0.0	+	.	GRA_OG0030307
77	GRA_SL+_TRINITY_DN42854_c0_g2_i2	TRINITY	TS	919	938.0	20.0	0.0	+	.	GRA_OG0030307
78	GRA_SL+_TRINITY_DN42854_c0_g2_i2	TRINITY	intron	939	1083.0	145.0	0.0	+	.	GRA_OG0030307
79	GRA_SL+_TRINITY_DN42854_c0_g2_i2	TRINITY	tlh	1084	1115.0	32.0	68.75	+	.	GRA_OG0030307
80	GRA_SL+_TRINITY_DN42854_c0_g2_i2	TRINITY	intron	1116	1197.0	82.0	0.0	+	.	GRA_OG0030307
81	GRA_SL+_TRINITY_DN42854_c0_g2_i2	TRINITY	TS	1198	1223.0	26.0	0.0	+	.	GRA_OG0030307
82	GRA_SL+_TRINITY_DN42854_c0_g2_i2	TRINITY	intron	1224	1278.0	55.0	0.0	+	.	GRA_OG0030307
83	GRA_SL+_TRINITY_DN42854_c0_g2_i2	TRINITY	TS	1279	1302.0	24.0	0.0	+	.	GRA_OG0030307
84	GRA_SL+_TRINITY_DN42854_c0_g2_i2	TRINITY	intron	1303	1446.0	144.0	0.0	+	.	GRA_OG0030307
85	GRA_SL+_TRINITY_DN42854_c0_g2_i2	TRINITY	TS	1447	1469.0	23.0	0.0	+	.	GRA_OG0030307
86	GRA_SL+_TRINITY_DN42854_c0_g2_i2	TRINITY	intron	1470	1473.0	4.0	0.0	+	.	GRA_OG0030307
87	GRA_SL+_TRINITY_DN42854_c0_g2_i2	TRINITY	tlh	1474	1513.0	40.0	65.0	+	.	GRA_OG0030307
88	GRA_SL+_TRINITY_DN42854_c0_g2_i2	TRINITY	intron	1514	1558.0	45.0	0.0	+	.	GRA_OG0030307
89	GRA_SL+_TRINITY_DN42854_c0_g2_i2	TRINITY	TS	1559	1574.0	16.0	0.0	+	.	GRA_OG0030307
90	GRA_SL+_TRINITY_DN42854_c0_g2_i2	TRINITY	intron	1575	1759.0	185.0	0.0	+	.	GRA_OG0030307
91	GRA_SL+_TRINITY_DN42854_c0_g2_i2	TRINITY	TS	1760	1776.0	17.0	0.0	+	.	GRA_OG0030307
92	GRA_SL+_TRINITY_DN42854_c0_g2_i2	TRINITY	intron	1777	2310.0	534.0	0.0	+	.	GRA_OG0030307
93	GRA_SL+_TRINITY_DN42854_c0_g2_i2	TRINITY	TS	2311	2326.0	16.0	0.0	+	.	GRA_OG0030307
94	GRA_SL+_TRINITY_DN42854_c0_g2_i2	TRINITY	intron	2327	2370.0	44.0	0.0	+	.	GRA_OG0030307
95	GRA_SL+_TRINITY_DN42854_c0_g2_i2	TRINITY	fine	2371	2466.0	96.0	97.92	+	.	GRA_OG0030307
96	GRA_SL+_TRINITY_DN42854_c0_g2_i2	TRINITY	intron	2467	2568.0	102.0	0.0	+	.	GRA_OG0030307
97	GRA_SL+_TRINITY_DN42854_c0_g2_i2	TRINITY	fine	2569	2713.0	145.0	100.0	+	.	GRA_OG0030307
98	GRA_SL+_TRINITY_DN42854_c0_g2_i2	TRINITY	intron	2714	2951.0	238.0	0.0	+	.	GRA_OG0030307
99	GRA_SL+_TRINITY_DN42854_c0_g2_i2	TRINITY	fine	2952	3023.0	72.0	100.0	+	.	GRA_OG0030307
100	GRA_SL+_TRINITY_DN42854_c0_g2_i2	TRINITY	intron	3024	3422.0	399.0	0.0	+	.	GRA_OG0030307
101	GRA_SL+_TRINITY_DN42854_c0_g2_i2	TRINITY	fine	3423	3611.0	189.0	97.88	+	.	GRA_OG0030307
102	GRA_SL+_TRINITY_DN44436_c0_g1_i1	TRINITY	TS	27	36.0	10.0	0.0	+	.	GRA_OG0030308
103	GRA_SL+_TRINITY_DN44436_c0_g1_i1	TRINITY	intron	37	199.0	163.0	0.0	+	.	GRA_OG0030308
104	GRA_SL+_TRINITY_DN44436_c0_g1_i1	TRINITY	fine	200	349.0	150.0	100.0	+	.	GRA_OG0030308
105	GRA_SL+_TRINITY_DN44436_c0_g1_i1	TRINITY	intron	350	544.0	195.0	0.0	+	.	GRA_OG0030308
106	GRA_SL+_TRINITY_DN44436_c0_g1_i1	TRINITY	fine	545	601.0	57.0	100.0	+	.	GRA_OG0030308
107	GRA_SL+_TRINITY_DN44436_c0_g1_i1	TRINITY	intron	602	650.0	49.0	0.0	+	.	GRA_OG0030308
108	GRA_SL+_TRINITY_DN44436_c0_g1_i1	TRINITY	fine	651	698.0	48.0	100.0	+	.	GRA_OG0030308
109	GRA_SL+_TRINITY_DN44436_c0_g1_i1	TRINITY	intron	699	1177.0	479.0	0.0	+	.	GRA_OG0030308
110	GRA_SL+_TRINITY_DN44436_c0_g1_i1	TRINITY	tlh	1178	1237.0	60.0	96.67	+	.	GRA_OG0030308
111	GRA_SL+_TRINITY_DN44436_c0_g1_i1	TRINITY	intron	1238	1564.0	327.0	0.0	+	.	GRA_OG0030308
112	GRA_SL+_TRINITY_DN44436_c0_g1_i1	TRINITY	fine	1565	1606.0	42.0	97.62	+	.	GRA_OG0030308
113	GRA_SL+_TRINITY_DN44436_c0_g1_i1	TRINITY	intron	1607	2079.0	473.0	0.0	+	.	GRA_OG0030308
114	GRA_SL+_TRINITY_DN44436_c0_g1_i1	TRINITY	fine	2080	2139.0	60.0	98.33	+	.	GRA_OG0030308
115	GRA_SL+_TRINITY_DN44436_c0_g1_i1	TRINITY	intron	2140	2419.0	280.0	0.0	+	.	GRA_OG0030308
116	GRA_SL+_TRINITY_DN44436_c0_g1_i1	TRINITY	fine	2420	2486.0	67.0	98.51	+	.	GRA_OG0030308
117	GRA_SL+_TRINITY_DN44436_c0_g1_i1	TRINITY	intron	2487	4077.0	1591.0	0.0	+	.	GRA_OG0030308
118	GRA_SL+_TRINITY_DN44436_c0_g1_i1	TRINITY	fine	4078	4117.0	40.0	100.0	+	.	GRA_OG0030308
119	GRA_SL+_TRINITY_DN44436_c0_g1_i1	TRINITY	intron	4118	4489.0	372.0	0.0	+	.	GRA_OG0030308
120	GRA_SL+_TRINITY_DN44436_c0_g1_i1	TRINITY	fine	4490	4558.0	69.0	98.55	+	.	GRA_OG0030308
121	GRA_SL+_TRINITY_DN44436_c0_g1_i1	TRINITY	intron	4559	5833.0	1275.0	0.0	+	.	GRA_OG0030308
122	GRA_SL+_TRINITY_DN44436_c0_g1_i1	TRINITY	fine	5834	5908.0	75.0	100.0	+	.	GRA_OG0030308
123	GRA_SL+_TRINITY_DN44436_c0_g1_i1	TRINITY	intron	5909	6105.0	197.0	0.0	+	.	GRA_OG0030308
124	GRA_SL+_TRINITY_DN44436_c0_g1_i1	TRINITY	fine	6106	6169.0	64.0	100.0	+	.	GRA_OG0030308
125	GRA_SL+_TRINITY_DN44436_c0_g1_i1	TRINITY	intron	6170	6719.0	550.0	0.0	+	.	GRA_OG0030308
126	GRA_SL+_TRINITY_DN44436_c0_g1_i1	TRINITY	fine	6720	6761.0	42.0	100.0	+	.	GRA_OG0030308
127	GRA_SL+_TRINITY_DN44436_c0_g1_i1	TRINITY	intron	6762	6901.0	140.0	0.0	+	.	GRA_OG0030308
128	GRA_SL+_TRINITY_DN44436_c0_g1_i1	TRINITY	fine	6902	6964.0	63.0	100.0	+	.	GRA_OG0030308
129	GRA_SL+_TRINITY_DN44436_c0_g1_i1	TRINITY	intron	6965	7274.0	310.0	0.0	+	.	GRA_OG0030308
130	GRA_SL+_TRINITY_DN44436_c0_g1_i1	TRINITY	fine	7275	7379.0	105.0	99.05	+	.	GRA_OG0030308
131	GRA_SL+_TRINITY_DN44436_c0_g1_i1	TRINITY	intron	7380	8027.0	648.0	0.0	+	.	GRA_OG0030308
132	GRA_SL+_TRINITY_DN44436_c0_g1_i1	TRINITY	fine	8028	8155.0	128.0	98.44	+	.	GRA_OG0030308
133	GRA_SL+_TRINITY_DN44436_c0_g1_i1	TRINITY	intron	8156	8840.0	685.0	0.0	+	.	GRA_OG0030308
134	GRA_SL+_TRINITY_DN44436_c0_g1_i1	TRINITY	fine	8841	8901.0	61.0	100.0	+	.	GRA_OG0030308
135	GRA_SL+_TRINITY_DN44436_c0_g1_i1	TRINITY	intron	8902	9790.0	889.0	0.0	+	.	GRA_OG0030308
136	GRA_SL+_TRINITY_DN44436_c0_g1_i1	TRINITY	fine	9791	9962.0	172.0	100.0	+	.	GRA_OG0030308
137	GRA_SL+_TRINITY_DN44436_c0_g1_i1	TRINITY	intron	9963	10341.0	379.0	0.0	+	.	GRA_OG0030308
138	GRA_SL+_TRINITY_DN44436_c0_g1_i1	TRINITY	fine	10342	10408.0	67.0	100.0	+	.	GRA_OG0030308
139	GRA_SL+_TRINITY_DN44436_c0_g1_i1	TRINITY	intron	10409	10506.0	98.0	0.0	+	.	GRA_OG0030308
140	GRA_SL+_TRINITY_DN44436_c0_g1_i1	TRINITY	fine	10507	10563.0	57.0	100.0	+	.	GRA_OG0030308
141	GRA_SL+_TRINITY_DN44436_c0_g1_i1	TRINITY	intron	10564	11838.0	1275.0	0.0	+	.	GRA_OG0030308
142	GRA_SL+_TRINITY_DN44436_c0_g1_i1	TRINITY	fine	11839	11967.0	129.0	100.0	+	.	GRA_OG0030308
143	GRA_SL+_TRINITY_DN44436_c0_g1_i1	TRINITY	intron	11968	13171.0	1204.0	0.0	+	.	GRA_OG0030308
144	GRA_SL+_TRINITY_DN44436_c0_g1_i1	TRINITY	fine	13172	13222.0	51.0	100.0	+	.	GRA_OG0030308
145	GRA_SL+_TRINITY_DN44436_c0_g1_i1	TRINITY	intron	13223	13882.0	660.0	0.0	+	.	GRA_OG0030308
146	GRA_SL+_TRINITY_DN44436_c0_g1_i1	TRINITY	fine	13883	13983.0	101.0	99.01	+	.	GRA_OG0030308
147	GRA_SL+_TRINITY_DN44436_c0_g1_i1	TRINITY	intron	13984	14546.0	563.0	0.0	+	.	GRA_OG0030308
148	GRA_SL+_TRINITY_DN44436_c0_g1_i1	TRINITY	fine	14547	14643.0	97.0	97.94	+	.	GRA_OG0030308
149	GRA_SL+_TRINITY_DN44436_c0_g1_i1	TRINITY	intron	14644	15297.0	654.0	0.0	+	.	GRA_OG0030308
150	GRA_SL+_TRINITY_DN44436_c0_g1_i1	TRINITY	fine	15298	15377.0	80.0	100.0	+	.	GRA_OG0030308
151	GRA_SL+_TRINITY_DN44436_c0_g1_i1	TRINITY	intron	15378	16481.0	1104.0	0.0	+	.	GRA_OG0030308
152	GRA_SL+_TRINITY_DN44436_c0_g1_i1	TRINITY	fine	16482	16529.0	48.0	100.0	+	.	GRA_OG0030308
153	GRA_SL+_TRINITY_DN44436_c0_g1_i1	TRINITY	intron	16530	16809.0	280.0	0.0	+	.	GRA_OG0030308
154	GRA_SL+_TRINITY_DN44436_c0_g1_i1	TRINITY	fine	16810	16879.0	70.0	100.0	+	.	GRA_OG0030308
155	GRA_SL+_TRINITY_DN44436_c0_g1_i1	TRINITY	intron	16880	17345.0	466.0	0.0	+	.	GRA_OG0030308
156	GRA_SL+_TRINITY_DN44436_c0_g1_i1	TRINITY	fine	17346	17427.0	82.0	98.78	+	.	GRA_OG0030308
157	GRA_SL+_TRINITY_DN44436_c0_g1_i1	TRINITY	intron	17428	17622.0	195.0	0.0	+	.	GRA_OG0030308
158	GRA_SL+_TRINITY_DN44436_c0_g1_i1	TRINITY	fine	17623	17718.0	96.0	100.0	+	.	GRA_OG0030308
159	GRA_SL+_TRINITY_DN44436_c0_g1_i1	TRINITY	intron	17719	18106.0	388.0	0.0	+	.	GRA_OG0030308
160	GRA_SL+_TRINITY_DN44436_c0_g1_i1	TRINITY	fine	18107	18426.0	320.0	99.38	+	.	GRA_OG0030308
161	HIE_SL+_TRINITY_DN44987_c1_g4_i1	TRINITY	TS	44	48.0	5.0	0.0	+	.	HIE_OG0030307
162	HIE_SL+_TRINITY_DN44987_c1_g4_i1	TRINITY	intron	49	58.0	10.0	0.0	+	.	HIE_OG0030307
163	HIE_SL+_TRINITY_DN44987_c1_g4_i1	TRINITY	TS	59	78.0	20.0	0.0	+	.	HIE_OG0030307
164	HIE_SL+_TRINITY_DN44987_c1_g4_i1	TRINITY	intron	79	199.0	121.0	0.0	+	.	HIE_OG0030307
165	HIE_SL+_TRINITY_DN44987_c1_g4_i1	TRINITY	fine	200	368.0	169.0	100.0	+	.	HIE_OG0030307
166	HIE_SL+_TRINITY_DN44987_c1_g4_i1	TRINITY	intron	369	999.0	631.0	0.0	+	.	HIE_OG0030307
167	HIE_SL+_TRINITY_DN44987_c1_g4_i1	TRINITY	fine	1000	1106.0	107.0	100.0	+	.	HIE_OG0030307
168	HIE_SL+_TRINITY_DN44987_c1_g4_i1	TRINITY	intron	1107	1279.0	173.0	0.0	+	.	HIE_OG0030307
169	HIE_SL+_TRINITY_DN44987_c1_g4_i1	TRINITY	fine	1280	1391.0	112.0	100.0	+	.	HIE_OG0030307
170	HIE_SL+_TRINITY_DN44987_c1_g4_i1	TRINITY	intron	1392	1699.0	308.0	0.0	+	.	HIE_OG0030307
171	HIE_SL+_TRINITY_DN44987_c1_g4_i1	TRINITY	fine	1700	1761.0	62.0	100.0	+	.	HIE_OG0030307
172	HIE_SL+_TRINITY_DN44987_c1_g4_i1	TRINITY	intron	1762	2327.0	566.0	0.0	+	.	HIE_OG0030307
173	HIE_SL+_TRINITY_DN44987_c1_g4_i1	TRINITY	fine	2328	2481.0	154.0	100.0	+	.	HIE_OG0030307
174	HIE_SL+_TRINITY_DN44987_c1_g4_i1	TRINITY	intron	2482	2887.0	406.0	0.0	+	.	HIE_OG0030307
175	HIE_SL+_TRINITY_DN44987_c1_g4_i1	TRINITY	fine	2888	2977.0	90.0	100.0	+	.	HIE_OG0030307
176	HIE_SL+_TRINITY_DN44987_c1_g4_i1	TRINITY	intron	2978	3209.0	232.0	0.0	+	.	HIE_OG0030307
177	HIE_SL+_TRINITY_DN44987_c1_g4_i1	TRINITY	fine	3210	3342.0	133.0	100.0	+	.	HIE_OG0030307
178	HIE_SL+_TRINITY_DN44987_c1_g4_i1	TRINITY	intron	3343	5156.0	1814.0	0.0	+	.	HIE_OG0030307
179	HIE_SL+_TRINITY_DN44987_c1_g4_i1	TRINITY	fine	5157	5220.0	64.0	100.0	+	.	HIE_OG0030307
180	HIE_SL+_TRINITY_DN44987_c1_g4_i1	TRINITY	intron	5221	5369.0	149.0	0.0	+	.	HIE_OG0030307
181	HIE_SL+_TRINITY_DN44987_c1_g4_i1	TRINITY	fine	5370	5415.0	46.0	100.0	+	.	HIE_OG0030307
182	HIE_SL+_TRINITY_DN44987_c1_g4_i1	TRINITY	intron	5416	5851.0	436.0	0.0	+	.	HIE_OG0030307
183	HIE_SL+_TRINITY_DN44987_c1_g4_i1	TRINITY	fine	5852	5994.0	143.0	100.0	+	.	HIE_OG0030307
184	HIE_SL+_TRINITY_DN47597_c0_g1_i1	TRINITY	TS	154	164.0	11.0	0.0	+	.	HIE_OG0030308
185	HIE_SL+_TRINITY_DN47597_c0_g1_i1	TRINITY	intron	165	198.0	34.0	0.0	+	.	HIE_OG0030308
186	HIE_SL+_TRINITY_DN47597_c0_g1_i1	TRINITY	fine	199	345.0	147.0	99.32	+	.	HIE_OG0030308
187	HIE_SL+_TRINITY_DN47597_c0_g1_i1	TRINITY	intron	346	409.0	64.0	0.0	+	.	HIE_OG0030308
188	HIE_SL+_TRINITY_DN47597_c0_g1_i1	TRINITY	fine	410	467.0	58.0	100.0	+	.	HIE_OG0030308
189	HIE_SL+_TRINITY_DN47597_c0_g1_i1	TRINITY	intron	468	519.0	52.0	0.0	+	.	HIE_OG0030308
190	HIE_SL+_TRINITY_DN47597_c0_g1_i1	TRINITY	fine	520	567.0	48.0	100.0	+	.	HIE_OG0030308
191	HIE_SL+_TRINITY_DN47597_c0_g1_i1	TRINITY	intron	568	1772.0	1205.0	0.0	+	.	HIE_OG0030308
192	HIE_SL+_TRINITY_DN47597_c0_g1_i1	TRINITY	tlh	1773	1852.0	80.0	90.0	+	.	HIE_OG0030308
193	HIE_SL+_TRINITY_DN47597_c0_g1_i1	TRINITY	intron	1853	1883.0	31.0	0.0	+	.	HIE_OG0030308
194	HIE_SL+_TRINITY_DN47597_c0_g1_i1	TRINITY	TS	1884	1904.0	21.0	0.0	+	.	HIE_OG0030308
195	HIE_SL+_TRINITY_DN47597_c0_g1_i1	TRINITY	intron	1905	1993.0	89.0	0.0	+	.	HIE_OG0030308
196	HIE_SL+_TRINITY_DN47597_c0_g1_i1	TRINITY	TS	1994	2003.0	10.0	0.0	+	.	HIE_OG0030308
197	HIE_SL+_TRINITY_DN47597_c0_g1_i1	TRINITY	intron	2004	2103.0	100.0	0.0	+	.	HIE_OG0030308
198	HIE_SL+_TRINITY_DN47597_c0_g1_i1	TRINITY	tlh	2104	2135.0	32.0	62.5	+	.	HIE_OG0030308
199	HIE_SL+_TRINITY_DN47597_c0_g1_i1	TRINITY	intron	2136	2172.0	37.0	0.0	+	.	HIE_OG0030308
200	HIE_SL+_TRINITY_DN47597_c0_g1_i1	TRINITY	tlh	2173	2213.0	41.0	65.85	+	.	HIE_OG0030308
201	HIE_SL+_TRINITY_DN47597_c0_g1_i1	TRINITY	intron	2214	2259.0	46.0	0.0	+	.	HIE_OG0030308
202	HIE_SL+_TRINITY_DN47597_c0_g1_i1	TRINITY	tlh	2260	2304.0	45.0	60.0	+	.	HIE_OG0030308
203	HIE_SL+_TRINITY_DN47597_c0_g1_i1	TRINITY	intron	2305	2401.0	97.0	0.0	+	.	HIE_OG0030308
204	HIE_SL+_TRINITY_DN47597_c0_g1_i1	TRINITY	TS	2402	2405.0	4.0	0.0	+	.	HIE_OG0030308
205	HIE_SL+_TRINITY_DN47597_c0_g1_i1	TRINITY	intron	2406	2415.0	10.0	0.0	+	.	HIE_OG0030308
206	HIE_SL+_TRINITY_DN47597_c0_g1_i1	TRINITY	tlh	2416	2454.0	39.0	69.23	+	.	HIE_OG0030308
207	HIE_SL+_TRINITY_DN47597_c0_g1_i1	TRINITY	intron	2455	2807.0	353.0	0.0	+	.	HIE_OG0030308
208	HIE_SL+_TRINITY_DN47597_c0_g1_i1	TRINITY	TS	2808	2820.0	13.0	0.0	+	.	HIE_OG0030308
209	HIE_SL+_TRINITY_DN47597_c0_g1_i1	TRINITY	intron	2821	2834.0	14.0	0.0	+	.	HIE_OG0030308
210	HIE_SL+_TRINITY_DN47597_c0_g1_i1	TRINITY	TS	2835	2846.0	12.0	0.0	+	.	HIE_OG0030308
211	HIE_SL+_TRINITY_DN47597_c0_g1_i1	TRINITY	intron	2847	2954.0	108.0	0.0	+	.	HIE_OG0030308
212	HIE_SL+_TRINITY_DN47597_c0_g1_i1	TRINITY	tlh	2955	2991.0	37.0	62.16	+	.	HIE_OG0030308
213	HIE_SL+_TRINITY_DN47597_c0_g1_i1	TRINITY	intron	2992	3027.0	36.0	0.0	+	.	HIE_OG0030308
214	HIE_SL+_TRINITY_DN47597_c0_g1_i1	TRINITY	TS	3028	3040.0	13.0	0.0	+	.	HIE_OG0030308
215	HIE_SL+_TRINITY_DN47597_c0_g1_i1	TRINITY	intron	3041	3208.0	168.0	0.0	+	.	HIE_OG0030308
216	HIE_SL+_TRINITY_DN47597_c0_g1_i1	TRINITY	TS	3209	3221.0	13.0	0.0	+	.	HIE_OG0030308
217	HIE_SL+_TRINITY_DN47597_c0_g1_i1	TRINITY	intron	3222	3402.0	181.0	0.0	+	.	HIE_OG0030308
218	HIE_SL+_TRINITY_DN47597_c0_g1_i1	TRINITY	tlh	3403	3448.0	46.0	65.22	+	.	HIE_OG0030308
219	HIE_SL+_TRINITY_DN47597_c0_g1_i1	TRINITY	intron	3449	3532.0	84.0	0.0	+	.	HIE_OG0030308
220	HIE_SL+_TRINITY_DN47597_c0_g1_i1	TRINITY	TS	3533	3542.0	10.0	0.0	+	.	HIE_OG0030308
221	HIE_SL+_TRINITY_DN47597_c0_g1_i1	TRINITY	intron	3543	3714.0	172.0	0.0	+	.	HIE_OG0030308
222	HIE_SL+_TRINITY_DN47597_c0_g1_i1	TRINITY	tlh	3715	3749.0	35.0	71.43	+	.	HIE_OG0030308
223	HIE_SL+_TRINITY_DN47597_c0_g1_i1	TRINITY	intron	3750	3883.0	134.0	0.0	+	.	HIE_OG0030308
224	HIE_SL+_TRINITY_DN47597_c0_g1_i1	TRINITY	TS	3884	3888.0	5.0	0.0	+	.	HIE_OG0030308
225	HIE_SL+_TRINITY_DN47597_c0_g1_i1	TRINITY	intron	3889	3948.0	60.0	0.0	+	.	HIE_OG0030308
226	HIE_SL+_TRINITY_DN47597_c0_g1_i1	TRINITY	tlh	3949	3996.0	48.0	72.92	+	.	HIE_OG0030308
227	HIE_SL+_TRINITY_DN47597_c0_g1_i1	TRINITY	intron	3997	4066.0	70.0	0.0	+	.	HIE_OG0030308
228	HIE_SL+_TRINITY_DN47597_c0_g1_i1	TRINITY	TS	4067	4082.0	16.0	0.0	+	.	HIE_OG0030308
229	HIE_SL+_TRINITY_DN47597_c0_g1_i1	TRINITY	intron	4083	4150.0	68.0	0.0	+	.	HIE_OG0030308
230	HIE_SL+_TRINITY_DN47597_c0_g1_i1	TRINITY	tlh	4151	4181.0	31.0	61.29	+	.	HIE_OG0030308
231	HIE_SL+_TRINITY_DN47597_c0_g1_i1	TRINITY	intron	4182	4212.0	31.0	0.0	+	.	HIE_OG0030308
232	HIE_SL+_TRINITY_DN47597_c0_g1_i1	TRINITY	tlh	4213	4259.0	47.0	63.83	+	.	HIE_OG0030308
233	HIE_SL+_TRINITY_DN47597_c0_g1_i1	TRINITY	intron	4260	4269.0	10.0	0.0	+	.	HIE_OG0030308
234	HIE_SL+_TRINITY_DN47597_c0_g1_i1	TRINITY	TS	4270	4279.0	10.0	0.0	+	.	HIE_OG0030308
235	HIE_SL+_TRINITY_DN47597_c0_g1_i1	TRINITY	intron	4280	4289.0	10.0	0.0	+	.	HIE_OG0030308
236	HIE_SL+_TRINITY_DN47597_c0_g1_i1	TRINITY	TS	4290	4301.0	12.0	0.0	+	.	HIE_OG0030308
237	HIE_SL+_TRINITY_DN47597_c0_g1_i1	TRINITY	intron	4302	4350.0	49.0	0.0	+	.	HIE_OG0030308
238	HIE_SL+_TRINITY_DN47597_c0_g1_i1	TRINITY	TS	4351	4366.0	16.0	0.0	+	.	HIE_OG0030308
239	HIE_SL+_TRINITY_DN47597_c0_g1_i1	TRINITY	intron	4367	4412.0	46.0	0.0	+	.	HIE_OG0030308
240	HIE_SL+_TRINITY_DN47597_c0_g1_i1	TRINITY	TS	4413	4439.0	27.0	0.0	+	.	HIE_OG0030308
241	HIE_SL+_TRINITY_DN47597_c0_g1_i1	TRINITY	intron	4440	4663.0	224.0	0.0	+	.	HIE_OG0030308
242	HIE_SL+_TRINITY_DN47597_c0_g1_i1	TRINITY	TS	4664	4680.0	17.0	0.0	+	.	HIE_OG0030308
243	HIE_SL+_TRINITY_DN47597_c0_g1_i1	TRINITY	intron	4681	4684.0	4.0	0.0	+	.	HIE_OG0030308
244	HIE_SL+_TRINITY_DN47597_c0_g1_i1	TRINITY	TS	4685	4696.0	12.0	0.0	+	.	HIE_OG0030308
245	HIE_SL+_TRINITY_DN47597_c0_g1_i1	TRINITY	intron	4697	4931.0	235.0	0.0	+	.	HIE_OG0030308
246	HIE_SL+_TRINITY_DN47597_c0_g1_i1	TRINITY	TS	4932	4942.0	11.0	0.0	+	.	HIE_OG0030308
247	HIE_SL+_TRINITY_DN47597_c0_g1_i1	TRINITY	intron	4943	5121.0	179.0	0.0	+	.	HIE_OG0030308
248	HIE_SL+_TRINITY_DN47597_c0_g1_i1	TRINITY	TS	5122	5139.0	18.0	0.0	+	.	HIE_OG0030308
249	HIE_SL+_TRINITY_DN47597_c0_g1_i1	TRINITY	intron	5140	5242.0	103.0	0.0	+	.	HIE_OG0030308
250	HIE_SL+_TRINITY_DN47597_c0_g1_i1	TRINITY	TS	5243	5257.0	15.0	0.0	+	.	HIE_OG0030308
251	HIE_SL+_TRINITY_DN47597_c0_g1_i1	TRINITY	intron	5258	5301.0	44.0	0.0	+	.	HIE_OG0030308
252	HIE_SL+_TRINITY_DN47597_c0_g1_i1	TRINITY	tlh	5302	5340.0	39.0	66.67	+	.	HIE_OG0030308
253	HIE_SL+_TRINITY_DN47597_c0_g1_i1	TRINITY	intron	5341	5365.0	25.0	0.0	+	.	HIE_OG0030308
254	HIE_SL+_TRINITY_DN47597_c0_g1_i1	TRINITY	TS	5366	5393.0	28.0	0.0	+	.	HIE_OG0030308
255	HIE_SL+_TRINITY_DN47597_c0_g1_i1	TRINITY	intron	5394	5429.0	36.0	0.0	+	.	HIE_OG0030308
256	HIE_SL+_TRINITY_DN47597_c0_g1_i1	TRINITY	TS	5430	5435.0	6.0	0.0	+	.	HIE_OG0030308
257	HIE_SL+_TRINITY_DN47597_c0_g1_i1	TRINITY	intron	5436	5475.0	40.0	0.0	+	.	HIE_OG0030308
258	HIE_SL+_TRINITY_DN47597_c0_g1_i1	TRINITY	TS	5476	5503.0	28.0	0.0	+	.	HIE_OG0030308
259	HIE_SL+_TRINITY_DN47597_c0_g1_i1	TRINITY	intron	5504	5511.0	8.0	0.0	+	.	HIE_OG0030308
260	HIE_SL+_TRINITY_DN47597_c0_g1_i1	TRINITY	tlh	5512	5550.0	39.0	64.1	+	.	HIE_OG0030308
261	HIE_SL+_TRINITY_DN47597_c0_g1_i1	TRINITY	intron	5551	5581.0	31.0	0.0	+	.	HIE_OG0030308
262	HIE_SL+_TRINITY_DN47597_c0_g1_i1	TRINITY	TS	5582	5592.0	11.0	0.0	+	.	HIE_OG0030308
263	HIE_SL+_TRINITY_DN47597_c0_g1_i1	TRINITY	intron	5593	5656.0	64.0	0.0	+	.	HIE_OG0030308
264	HIE_SL+_TRINITY_DN47597_c0_g1_i1	TRINITY	TS	5657	5678.0	22.0	0.0	+	.	HIE_OG0030308
265	HIE_SL+_TRINITY_DN47597_c0_g1_i1	TRINITY	intron	5679	5743.0	65.0	0.0	+	.	HIE_OG0030308
266	HIE_SL+_TRINITY_DN47597_c0_g1_i1	TRINITY	TS	5744	5769.0	26.0	0.0	+	.	HIE_OG0030308
267	HIE_SL+_TRINITY_DN47597_c0_g1_i1	TRINITY	intron	5770	5818.0	49.0	0.0	+	.	HIE_OG0030308
268	HIE_SL+_TRINITY_DN47597_c0_g1_i1	TRINITY	TS	5819	5846.0	28.0	0.0	+	.	HIE_OG0030308
269	HIE_SL+_TRINITY_DN47597_c0_g1_i1	TRINITY	intron	5847	5905.0	59.0	0.0	+	.	HIE_OG0030308
270	HIE_SL+_TRINITY_DN47597_c0_g1_i1	TRINITY	TS	5906	5919.0	14.0	0.0	+	.	HIE_OG0030308
271	HIE_SL+_TRINITY_DN47597_c0_g1_i1	TRINITY	intron	5920	5924.0	5.0	0.0	+	.	HIE_OG0030308
272	HIE_SL+_TRINITY_DN47597_c0_g1_i1	TRINITY	TS	5925	5932.0	8.0	0.0	+	.	HIE_OG0030308
273	HIE_SL+_TRINITY_DN47597_c0_g1_i1	TRINITY	intron	5933	6051.0	119.0	0.0	+	.	HIE_OG0030308
274	HIE_SL+_TRINITY_DN47597_c0_g1_i1	TRINITY	TS	6052	6060.0	9.0	0.0	+	.	HIE_OG0030308
275	HIE_SL+_TRINITY_DN47597_c0_g1_i1	TRINITY	intron	6061	6081.0	21.0	0.0	+	.	HIE_OG0030308
276	HIE_SL+_TRINITY_DN47597_c0_g1_i1	TRINITY	TS	6082	6091.0	10.0	0.0	+	.	HIE_OG0030308
277	HIE_SL+_TRINITY_DN47597_c0_g1_i1	TRINITY	intron	6092	6128.0	37.0	0.0	+	.	HIE_OG0030308
278	HIE_SL+_TRINITY_DN47597_c0_g1_i1	TRINITY	TS	6129	6146.0	18.0	0.0	+	.	HIE_OG0030308
279	HIE_SL+_TRINITY_DN47597_c0_g1_i1	TRINITY	intron	6147	6201.0	55.0	0.0	+	.	HIE_OG0030308
280	HIE_SL+_TRINITY_DN47597_c0_g1_i1	TRINITY	TS	6202	6219.0	18.0	0.0	+	.	HIE_OG0030308
281	HIE_SL+_TRINITY_DN47597_c0_g1_i1	TRINITY	intron	6220	6245.0	26.0	0.0	+	.	HIE_OG0030308
282	HIE_SL+_TRINITY_DN47597_c0_g1_i1	TRINITY	TS	6246	6262.0	17.0	0.0	+	.	HIE_OG0030308
283	HIE_SL+_TRINITY_DN47597_c0_g1_i1	TRINITY	intron	6263	6293.0	31.0	0.0	+	.	HIE_OG0030308
284	HIE_SL+_TRINITY_DN47597_c0_g1_i1	TRINITY	tlh	6294	6350.0	57.0	64.91	+	.	HIE_OG0030308
285	HIE_SL+_TRINITY_DN47597_c0_g1_i1	TRINITY	intron	6351	6360.0	10.0	0.0	+	.	HIE_OG0030308
286	HIE_SL+_TRINITY_DN47597_c0_g1_i1	TRINITY	tlh	6361	6391.0	31.0	70.97	+	.	HIE_OG0030308
287	HIE_SL+_TRINITY_DN47597_c0_g1_i1	TRINITY	intron	6392	6492.0	101.0	0.0	+	.	HIE_OG0030308
288	HIE_SL+_TRINITY_DN47597_c0_g1_i1	TRINITY	tlh	6493	6524.0	32.0	68.75	+	.	HIE_OG0030308
289	HIE_SL+_TRINITY_DN47597_c0_g1_i1	TRINITY	intron	6525	6554.0	30.0	0.0	+	.	HIE_OG0030308
290	HIE_SL+_TRINITY_DN47597_c0_g1_i1	TRINITY	tlh	6555	6589.0	35.0	65.71	+	.	HIE_OG0030308
291	HIE_SL+_TRINITY_DN47597_c0_g1_i1	TRINITY	intron	6590	6742.0	153.0	0.0	+	.	HIE_OG0030308
292	HIE_SL+_TRINITY_DN47597_c0_g1_i1	TRINITY	TS	6743	6770.0	28.0	0.0	+	.	HIE_OG0030308
293	HIE_SL+_TRINITY_DN47597_c0_g1_i1	TRINITY	intron	6771	6773.0	3.0	0.0	+	.	HIE_OG0030308
294	HIE_SL+_TRINITY_DN47597_c0_g1_i1	TRINITY	tlh	6774	6810.0	37.0	67.57	+	.	HIE_OG0030308
295	HIE_SL+_TRINITY_DN47597_c0_g1_i1	TRINITY	intron	6811	6841.0	31.0	0.0	+	.	HIE_OG0030308
296	HIE_SL+_TRINITY_DN47597_c0_g1_i1	TRINITY	TS	6842	6862.0	21.0	0.0	+	.	HIE_OG0030308
297	HIE_SL+_TRINITY_DN47597_c0_g1_i1	TRINITY	intron	6863	6865.0	3.0	0.0	+	.	HIE_OG0030308
298	HIE_SL+_TRINITY_DN47597_c0_g1_i1	TRINITY	TS	6866	6885.0	20.0	0.0	+	.	HIE_OG0030308
299	HIE_SL+_TRINITY_DN47597_c0_g1_i1	TRINITY	intron	6886	6958.0	73.0	0.0	+	.	HIE_OG0030308
300	HIE_SL+_TRINITY_DN47597_c0_g1_i1	TRINITY	TS	6959	6975.0	17.0	0.0	+	.	HIE_OG0030308
301	HIE_SL+_TRINITY_DN47597_c0_g1_i1	TRINITY	intron	6976	7052.0	77.0	0.0	+	.	HIE_OG0030308
302	HIE_SL+_TRINITY_DN47597_c0_g1_i1	TRINITY	tlh	7053	7103.0	51.0	68.63	+	.	HIE_OG0030308
303	HIE_SL+_TRINITY_DN47597_c0_g1_i1	TRINITY	intron	7104	7138.0	35.0	0.0	+	.	HIE_OG0030308
304	HIE_SL+_TRINITY_DN47597_c0_g1_i1	TRINITY	TS	7139	7154.0	16.0	0.0	+	.	HIE_OG0030308
305	HIE_SL+_TRINITY_DN47597_c0_g1_i1	TRINITY	intron	7155	7166.0	12.0	0.0	+	.	HIE_OG0030308
306	HIE_SL+_TRINITY_DN47597_c0_g1_i1	TRINITY	TS	7167	7177.0	11.0	0.0	+	.	HIE_OG0030308
307	HIE_SL+_TRINITY_DN47597_c0_g1_i1	TRINITY	intron	7178	7394.0	217.0	0.0	+	.	HIE_OG0030308
308	HIE_SL+_TRINITY_DN47597_c0_g1_i1	TRINITY	tlh	7395	7427.0	33.0	66.67	+	.	HIE_OG0030308
309	HIE_SL+_TRINITY_DN47597_c0_g1_i1	TRINITY	intron	7428	7433.0	6.0	0.0	+	.	HIE_OG0030308
310	HIE_SL+_TRINITY_DN47597_c0_g1_i1	TRINITY	TS	7434	7446.0	13.0	0.0	+	.	HIE_OG0030308
311	HIE_SL+_TRINITY_DN47597_c0_g1_i1	TRINITY	intron	7447	7466.0	20.0	0.0	+	.	HIE_OG0030308
312	HIE_SL+_TRINITY_DN47597_c0_g1_i1	TRINITY	TS	7467	7475.0	9.0	0.0	+	.	HIE_OG0030308
313	HIE_SL+_TRINITY_DN47597_c0_g1_i1	TRINITY	intron	7476	7513.0	38.0	0.0	+	.	HIE_OG0030308
314	HIE_SL+_TRINITY_DN47597_c0_g1_i1	TRINITY	TS	7514	7534.0	21.0	0.0	+	.	HIE_OG0030308
315	HIE_SL+_TRINITY_DN47597_c0_g1_i1	TRINITY	intron	7535	7665.0	131.0	0.0	+	.	HIE_OG0030308
316	HIE_SL+_TRINITY_DN47597_c0_g1_i1	TRINITY	TS	7666	7688.0	23.0	0.0	+	.	HIE_OG0030308
317	HIE_SL+_TRINITY_DN47597_c0_g1_i1	TRINITY	intron	7689	7972.0	284.0	0.0	+	.	HIE_OG0030308
318	HIE_SL+_TRINITY_DN47597_c0_g1_i1	TRINITY	tlh	7973	8003.0	31.0	67.74	+	.	HIE_OG0030308
319	HIE_SL+_TRINITY_DN47597_c0_g1_i1	TRINITY	intron	8004	8156.0	153.0	0.0	+	.	HIE_OG0030308
320	HIE_SL+_TRINITY_DN47597_c0_g1_i1	TRINITY	tlh	8157	8200.0	44.0	65.91	+	.	HIE_OG0030308
321	HIE_SL+_TRINITY_DN47597_c0_g1_i1	TRINITY	intron	8201	8380.0	180.0	0.0	+	.	HIE_OG0030308
322	HIE_SL+_TRINITY_DN47597_c0_g1_i1	TRINITY	tlh	8381	8415.0	35.0	65.71	+	.	HIE_OG0030308
323	HIE_SL+_TRINITY_DN47597_c0_g1_i1	TRINITY	intron	8416	8654.0	239.0	0.0	+	.	HIE_OG0030308
324	HIE_SL+_TRINITY_DN47597_c0_g1_i1	TRINITY	TS	8655	8664.0	10.0	0.0	+	.	HIE_OG0030308
325	HIE_SL+_TRINITY_DN47597_c0_g1_i1	TRINITY	intron	8665	8733.0	69.0	0.0	+	.	HIE_OG0030308
326	HIE_SL+_TRINITY_DN47597_c0_g1_i1	TRINITY	TS	8734	8752.0	19.0	0.0	+	.	HIE_OG0030308
327	HIE_SL+_TRINITY_DN47597_c0_g1_i1	TRINITY	intron	8753	8821.0	69.0	0.0	+	.	HIE_OG0030308
328	HIE_SL+_TRINITY_DN47597_c0_g1_i1	TRINITY	TS	8822	8841.0	20.0	0.0	+	.	HIE_OG0030308
329	HIE_SL+_TRINITY_DN47597_c0_g1_i1	TRINITY	intron	8842	9262.0	421.0	0.0	+	.	HIE_OG0030308
330	HIE_SL+_TRINITY_DN47597_c0_g1_i1	TRINITY	TS	9263	9271.0	9.0	0.0	+	.	HIE_OG0030308
331	HIE_SL+_TRINITY_DN47597_c0_g1_i1	TRINITY	intron	9272	9323.0	52.0	0.0	+	.	HIE_OG0030308
332	HIE_SL+_TRINITY_DN47597_c0_g1_i1	TRINITY	TS	9324	9342.0	19.0	0.0	+	.	HIE_OG0030308
333	HIE_SL+_TRINITY_DN47597_c0_g1_i1	TRINITY	intron	9343	9688.0	346.0	0.0	+	.	HIE_OG0030308
334	HIE_SL+_TRINITY_DN47597_c0_g1_i1	TRINITY	TS	9689	9700.0	12.0	0.0	+	.	HIE_OG0030308
335	HIE_SL+_TRINITY_DN47597_c0_g1_i1	TRINITY	intron	9701	10019.0	319.0	0.0	+	.	HIE_OG0030308
336	HIE_SL+_TRINITY_DN47597_c0_g1_i1	TRINITY	tlh	10020	10056.0	37.0	70.27	+	.	HIE_OG0030308
337	HIE_SL+_TRINITY_DN47597_c0_g1_i1	TRINITY	intron	10057	10169.0	113.0	0.0	+	.	HIE_OG0030308
338	HIE_SL+_TRINITY_DN47597_c0_g1_i1	TRINITY	TS	10170	10180.0	11.0	0.0	+	.	HIE_OG0030308
339	HIE_SL+_TRINITY_DN47597_c0_g1_i1	TRINITY	intron	10181	10232.0	52.0	0.0	+	.	HIE_OG0030308
340	HIE_SL+_TRINITY_DN47597_c0_g1_i1	TRINITY	TS	10233	10249.0	17.0	0.0	+	.	HIE_OG0030308
341	HIE_SL+_TRINITY_DN47597_c0_g1_i1	TRINITY	intron	10250	10332.0	83.0	0.0	+	.	HIE_OG0030308
342	HIE_SL+_TRINITY_DN47597_c0_g1_i1	TRINITY	TS	10333	10342.0	10.0	0.0	+	.	HIE_OG0030308
343	HIE_SL+_TRINITY_DN47597_c0_g1_i1	TRINITY	intron	10343	10346.0	4.0	0.0	+	.	HIE_OG0030308
344	HIE_SL+_TRINITY_DN47597_c0_g1_i1	TRINITY	TS	10347	10356.0	10.0	0.0	+	.	HIE_OG0030308
345	HIE_SL+_TRINITY_DN47597_c0_g1_i1	TRINITY	intron	10357	10366.0	10.0	0.0	+	.	HIE_OG0030308
346	HIE_SL+_TRINITY_DN47597_c0_g1_i1	TRINITY	tlh	10367	10410.0	44.0	65.91	+	.	HIE_OG0030308
347	HIE_SL+_TRINITY_DN47597_c0_g1_i1	TRINITY	intron	10411	10445.0	35.0	0.0	+	.	HIE_OG0030308
348	HIE_SL+_TRINITY_DN47597_c0_g1_i1	TRINITY	TS	10446	10468.0	23.0	0.0	+	.	HIE_OG0030308
349	HIE_SL+_TRINITY_DN47597_c0_g1_i1	TRINITY	intron	10469	10518.0	50.0	0.0	+	.	HIE_OG0030308
350	HIE_SL+_TRINITY_DN47597_c0_g1_i1	TRINITY	tlh	10519	10573.0	55.0	58.18	+	.	HIE_OG0030308
351	HIE_SL+_TRINITY_DN47597_c0_g1_i1	TRINITY	intron	10574	10636.0	63.0	0.0	+	.	HIE_OG0030308
352	HIE_SL+_TRINITY_DN47597_c0_g1_i1	TRINITY	tlh	10637	10667.0	31.0	70.97	+	.	HIE_OG0030308
353	HIE_SL+_TRINITY_DN47597_c0_g1_i1	TRINITY	intron	10668	10704.0	37.0	0.0	+	.	HIE_OG0030308
354	HIE_SL+_TRINITY_DN47597_c0_g1_i1	TRINITY	TS	10705	10713.0	9.0	0.0	+	.	HIE_OG0030308
355	HIE_SL+_TRINITY_DN47597_c0_g1_i1	TRINITY	intron	10714	10763.0	50.0	0.0	+	.	HIE_OG0030308
356	HIE_SL+_TRINITY_DN47597_c0_g1_i1	TRINITY	TS	10764	10779.0	16.0	0.0	+	.	HIE_OG0030308
357	HIE_SL+_TRINITY_DN47597_c0_g1_i1	TRINITY	intron	10780	10791.0	12.0	0.0	+	.	HIE_OG0030308
358	HIE_SL+_TRINITY_DN47597_c0_g1_i1	TRINITY	TS	10792	10810.0	19.0	0.0	+	.	HIE_OG0030308
359	HIE_SL+_TRINITY_DN47597_c0_g1_i1	TRINITY	intron	10811	10984.0	174.0	0.0	+	.	HIE_OG0030308
360	HIE_SL+_TRINITY_DN47597_c0_g1_i1	TRINITY	TS	10985	11012.0	28.0	0.0	+	.	HIE_OG0030308
361	HIE_SL+_TRINITY_DN47597_c0_g1_i1	TRINITY	intron	11013	11019.0	7.0	0.0	+	.	HIE_OG0030308
362	HIE_SL+_TRINITY_DN47597_c0_g1_i1	TRINITY	TS	11020	11042.0	23.0	0.0	+	.	HIE_OG0030308
363	HIE_SL+_TRINITY_DN47597_c0_g1_i1	TRINITY	intron	11043	11185.0	143.0	0.0	+	.	HIE_OG0030308
364	HIE_SL+_TRINITY_DN47597_c0_g1_i1	TRINITY	TS	11186	11202.0	17.0	0.0	+	.	HIE_OG0030308
365	HIE_SL+_TRINITY_DN47597_c0_g1_i1	TRINITY	intron	11203	11273.0	71.0	0.0	+	.	HIE_OG0030308
366	HIE_SL+_TRINITY_DN47597_c0_g1_i1	TRINITY	tlh	11274	11325.0	52.0	63.46	+	.	HIE_OG0030308
367	HIE_SL+_TRINITY_DN47597_c0_g1_i1	TRINITY	intron	11326	11332.0	7.0	0.0	+	.	HIE_OG0030308
368	HIE_SL+_TRINITY_DN47597_c0_g1_i1	TRINITY	TS	11333	11344.0	12.0	0.0	+	.	HIE_OG0030308
369	HIE_SL+_TRINITY_DN47597_c0_g1_i1	TRINITY	intron	11345	11432.0	88.0	0.0	+	.	HIE_OG0030308
370	HIE_SL+_TRINITY_DN47597_c0_g1_i1	TRINITY	TS	11433	11446.0	14.0	0.0	+	.	HIE_OG0030308
371	HIE_SL+_TRINITY_DN47597_c0_g1_i1	TRINITY	intron	11447	11571.0	125.0	0.0	+	.	HIE_OG0030308
372	HIE_SL+_TRINITY_DN47597_c0_g1_i1	TRINITY	TS	11572	11589.0	18.0	0.0	+	.	HIE_OG0030308
373	HIE_SL+_TRINITY_DN47597_c0_g1_i1	TRINITY	intron	11590	11658.0	69.0	0.0	+	.	HIE_OG0030308
374	HIE_SL+_TRINITY_DN47597_c0_g1_i1	TRINITY	TS	11659	11686.0	28.0	0.0	+	.	HIE_OG0030308
375	HIE_SL+_TRINITY_DN47597_c0_g1_i1	TRINITY	intron	11687	11826.0	140.0	0.0	+	.	HIE_OG0030308
376	HIE_SL+_TRINITY_DN47597_c0_g1_i1	TRINITY	TS	11827	11846.0	20.0	0.0	+	.	HIE_OG0030308
377	HIE_SL+_TRINITY_DN47597_c0_g1_i1	TRINITY	intron	11847	11986.0	140.0	0.0	+	.	HIE_OG0030308
378	HIE_SL+_TRINITY_DN47597_c0_g1_i1	TRINITY	TS	11987	11997.0	11.0	0.0	+	.	HIE_OG0030308
379	HIE_SL+_TRINITY_DN47597_c0_g1_i1	TRINITY	intron	11998	12173.0	176.0	0.0	+	.	HIE_OG0030308
380	HIE_SL+_TRINITY_DN47597_c0_g1_i1	TRINITY	TS	12174	12197.0	24.0	0.0	+	.	HIE_OG0030308
381	HIE_SL+_TRINITY_DN47597_c0_g1_i1	TRINITY	intron	12198	12400.0	203.0	0.0	+	.	HIE_OG0030308
382	HIE_SL+_TRINITY_DN47597_c0_g1_i1	TRINITY	TS	12401	12407.0	7.0	0.0	+	.	HIE_OG0030308
383	HIE_SL_TRINITY_DN48344_c2_g1_i8	TRINITY	TS	76	103.0	28.0	0.0		.	HIE_OG0030309
384	HIE_SL_TRINITY_DN48344_c2_g1_i8	TRINITY	intron	104	121.0	18.0	0.0		.	HIE_OG0030309
385	HIE_SL_TRINITY_DN48344_c2_g1_i8	TRINITY	TS	122	134.0	13.0	0.0		.	HIE_OG0030309
386	HIE_SL_TRINITY_DN48344_c2_g1_i8	TRINITY	intron	135	146.0	12.0	0.0		.	HIE_OG0030309
387	HIE_SL_TRINITY_DN48344_c2_g1_i8	TRINITY	tlh	147	317.0	171.0	84.21		.	HIE_OG0030309
388	HIE_SL_TRINITY_DN48344_c2_g1_i8	TRINITY	intron	318	583.0	266.0	0.0		.	HIE_OG0030309
389	HIE_SL_TRINITY_DN48344_c2_g1_i8	TRINITY	TS	584	601.0	18.0	0.0		.	HIE_OG0030309
390	HIE_SL_TRINITY_DN48344_c2_g1_i8	TRINITY	intron	602	606.0	5.0	0.0		.	HIE_OG0030309
391	HIE_SL_TRINITY_DN48344_c2_g1_i8	TRINITY	fine	607	696.0	90.0	97.78		.	HIE_OG0030309
392	HIE_SL_TRINITY_DN48344_c2_g1_i8	TRINITY	intron	697	1523.0	827.0	0.0		.	HIE_OG0030309
393	HIE_SL_TRINITY_DN48344_c2_g1_i8	TRINITY	tlh	1524	1584.0	61.0	95.08		.	HIE_OG0030309
394	HIE_SL_TRINITY_DN48344_c2_g1_i8	TRINITY	intron	1585	1820.0	236.0	0.0		.	HIE_OG0030309
395	HIE_SL_TRINITY_DN48344_c2_g1_i8	TRINITY	fine	1821	1998.0	178.0	100.0		.	HIE_OG0030309
396	HIE_SL_TRINITY_DN48344_c2_g1_i8	TRINITY	intron	1999	2341.0	343.0	0.0		.	HIE_OG0030309
397	HIE_SL_TRINITY_DN48344_c2_g1_i8	TRINITY	fine	2342	2495.0	154.0	100.0		.	HIE_OG0030309
398	HIE_SL_TRINITY_DN48344_c2_g1_i8	TRINITY	intron	2496	3119.0	624.0	0.0		.	HIE_OG0030309
399	HIE_SL_TRINITY_DN48344_c2_g1_i8	TRINITY	fine	3120	3203.0	84.0	100.0		.	HIE_OG0030309
400	HIE_SL_TRINITY_DN48344_c2_g1_i8	TRINITY	intron	3204	3516.0	313.0	0.0		.	HIE_OG0030309
401	HIE_SL_TRINITY_DN48344_c2_g1_i8	TRINITY	fine	3517	3582.0	66.0	100.0		.	HIE_OG0030309
402	HIE_SL_TRINITY_DN48344_c2_g1_i8	TRINITY	intron	3583	5802.0	2220.0	0.0		.	HIE_OG0030309
403	HIE_SL_TRINITY_DN48344_c2_g1_i8	TRINITY	fine	5803	5942.0	140.0	100.0		.	HIE_OG0030309
404	HIE_SL_TRINITY_DN48344_c2_g1_i8	TRINITY	intron	5943	6488.0	546.0	0.0		.	HIE_OG0030309
405	HIE_SL_TRINITY_DN48344_c2_g1_i8	TRINITY	fine	6489	6580.0	92.0	100.0		.	HIE_OG0030309
406	HIE_SL_TRINITY_DN48344_c2_g1_i8	TRINITY	intron	6581	8183.0	1603.0	0.0		.	HIE_OG0030309
407	HIE_SL_TRINITY_DN48344_c2_g1_i8	TRINITY	fine	8184	8280.0	97.0	100.0		.	HIE_OG0030309
408	HIE_SL_TRINITY_DN48344_c2_g1_i8	TRINITY	intron	8281	8507.0	227.0	0.0		.	HIE_OG0030309
409	HIE_SL_TRINITY_DN48344_c2_g1_i8	TRINITY	fine	8508	8583.0	76.0	100.0		.	HIE_OG0030309
410	HIE_SL_TRINITY_DN48344_c2_g1_i8	TRINITY	intron	8584	8883.0	300.0	0.0		.	HIE_OG0030309
411	HIE_SL_TRINITY_DN48344_c2_g1_i8	TRINITY	fine	8884	8930.0	47.0	100.0		.	HIE_OG0030309
412	HIE_SL_TRINITY_DN48344_c2_g1_i8	TRINITY	intron	8931	9681.0	751.0	0.0		.	HIE_OG0030309
413	HIE_SL_TRINITY_DN48344_c2_g1_i8	TRINITY	fine	9682	9891.0	210.0	99.05		.	HIE_OG0030309
414	LON_SL+_GGOE01000328.1		TS	50	75.0	26.0	0.0	+	.	LON_OG0030307
415	LON_SL+_GGOE01000328.1		intron	76	103.0	28.0	0.0	+	.	LON_OG0030307
416	LON_SL+_GGOE01000328.1		TS	104	131.0	28.0	0.0	+	.	LON_OG0030307
417	LON_SL+_GGOE01000328.1		intron	132	180.0	49.0	0.0	+	.	LON_OG0030307
418	LON_SL+_GGOE01000328.1		tlh	181	223.0	43.0	67.44	+	.	LON_OG0030307
419	LON_SL+_GGOE01000328.1		intron	224	228.0	5.0	0.0	+	.	LON_OG0030307
420	LON_SL+_GGOE01000328.1		tlh	229	273.0	45.0	64.44	+	.	LON_OG0030307
421	LON_SL+_GGOE01000328.1		intron	274	306.0	33.0	0.0	+	.	LON_OG0030307
422	LON_SL+_GGOE01000328.1		tlh	307	384.0	78.0	66.67	+	.	LON_OG0030307
423	LON_SL+_GGOE01000328.1		intron	385	397.0	13.0	0.0	+	.	LON_OG0030307
424	LON_SL+_GGOE01000328.1		TS	398	424.0	27.0	0.0	+	.	LON_OG0030307
425	LON_SL+_GGOE01000328.1		intron	425	455.0	31.0	0.0	+	.	LON_OG0030307
426	LON_SL+_GGOE01000328.1		TS	456	481.0	26.0	0.0	+	.	LON_OG0030307
427	LON_SL+_GGOE01000328.1		intron	482	499.0	18.0	0.0	+	.	LON_OG0030307
428	LON_SL+_GGOE01000328.1		TS	500	520.0	21.0	0.0	+	.	LON_OG0030307
429	LON_SL+_GGOE01000328.1		intron	521	526.0	6.0	0.0	+	.	LON_OG0030307
430	LON_SL+_GGOE01000328.1		tlh	527	625.0	99.0	67.68	+	.	LON_OG0030307
431	LON_SL+_GGOE01000328.1		intron	626	641.0	16.0	0.0	+	.	LON_OG0030307
432	LON_SL+_GGOE01000328.1		tlh	642	721.0	80.0	68.75	+	.	LON_OG0030307
433	LON_SL+_GGOE01000328.1		intron	722	724.0	3.0	0.0	+	.	LON_OG0030307
434	LON_SL+_GGOE01000328.1		TS	725	745.0	21.0	0.0	+	.	LON_OG0030307
435	LON_SL+_GGOE01000328.1		intron	746	748.0	3.0	0.0	+	.	LON_OG0030307
436	LON_SL+_GGOE01000328.1		tlh	749	819.0	71.0	64.79	+	.	LON_OG0030307
437	LON_SL+_GGOE01000328.1		intron	820	830.0	11.0	0.0	+	.	LON_OG0030307
438	LON_SL+_GGOE01000328.1		TS	831	835.0	5.0	0.0	+	.	LON_OG0030307
439	LON_SL+_GGOE01000328.1		intron	836	928.0	93.0	0.0	+	.	LON_OG0030307
440	LON_SL+_GGOE01000328.1		tlh	929	969.0	41.0	68.29	+	.	LON_OG0030307
441	LON_SL+_GGOE01000328.1		intron	970	973.0	4.0	0.0	+	.	LON_OG0030307
442	LON_SL+_GGOE01000328.1		tlh	974	1016.0	43.0	65.12	+	.	LON_OG0030307
443	LON_SL+_GGOE01000328.1		intron	1017	1053.0	37.0	0.0	+	.	LON_OG0030307
444	LON_SL+_GGOE01000328.1		TS	1054	1073.0	20.0	0.0	+	.	LON_OG0030307
445	LON_SL+_GGOE01000328.1		intron	1074	1076.0	3.0	0.0	+	.	LON_OG0030307
446	LON_SL+_GGOE01000328.1		TS	1077	1094.0	18.0	0.0	+	.	LON_OG0030307
447	LON_SL+_GGOE01000328.1		intron	1095	1129.0	35.0	0.0	+	.	LON_OG0030307
448	LON_SL+_GGOE01000328.1		fine	1130	1265.0	136.0	100.0	+	.	LON_OG0030307
449	LON_SL+_GGOE01000328.1		intron	1266	3706.0	2441.0	0.0	+	.	LON_OG0030307
450	LON_SL+_GGOE01000328.1		fine	3707	3774.0	68.0	100.0	+	.	LON_OG0030307
451	LON_SL+_GGOE01000328.1		intron	3775	4087.0	313.0	0.0	+	.	LON_OG0030307
452	LON_SL+_GGOE01000328.1		fine	4088	4341.0	254.0	100.0	+	.	LON_OG0030307
453	LON_SL+_GGOE01000328.1		intron	4342	4492.0	151.0	0.0	+	.	LON_OG0030307
454	LON_SL+_GGOE01000328.1		TS	4493	4510.0	18.0	0.0	+	.	LON_OG0030307
455	LON_SL+_GGOE01000359.1		tlh	190	302.0	113.0	93.81	+	.	LON_OG0030309
456	LON_SL+_GGOE01000359.1		intron	303	883.0	581.0	0.0	+	.	LON_OG0030309
457	LON_SL+_GGOE01000359.1		fine	884	1110.0	227.0	100.0	+	.	LON_OG0030309
458	LON_SL+_GGOE01000359.1		intron	1111	1538.0	428.0	0.0	+	.	LON_OG0030309
459	LON_SL+_GGOE01000359.1		fine	1539	1776.0	238.0	100.0	+	.	LON_OG0030309
460	LON_SL+_GGOE01000359.1		intron	1777	2092.0	316.0	0.0	+	.	LON_OG0030309
461	LON_SL+_GGOE01000359.1		fine	2093	2246.0	154.0	100.0	+	.	LON_OG0030309
462	LON_SL+_GGOE01000359.1		intron	2247	2329.0	83.0	0.0	+	.	LON_OG0030309
463	LON_SL+_GGOE01000359.1		fine	2330	2412.0	83.0	100.0	+	.	LON_OG0030309
464	LON_SL+_GGOE01000359.1		intron	2413	3376.0	964.0	0.0	+	.	LON_OG0030309
465	LON_SL+_GGOE01000359.1		fine	3377	3442.0	66.0	100.0	+	.	LON_OG0030309
466	LON_SL+_GGOE01000359.1		intron	3443	3734.0	292.0	0.0	+	.	LON_OG0030309
467	LON_SL+_GGOE01000359.1		fine	3735	3874.0	140.0	100.0	+	.	LON_OG0030309
468	LON_SL+_GGOE01000359.1		intron	3875	4221.0	347.0	0.0	+	.	LON_OG0030309
469	LON_SL+_GGOE01000359.1		fine	4222	4316.0	95.0	100.0	+	.	LON_OG0030309
470	LON_SL+_GGOE01000359.1		intron	4317	5066.0	750.0	0.0	+	.	LON_OG0030309
471	LON_SL+_GGOE01000359.1		fine	5067	5286.0	220.0	100.0	+	.	LON_OG0030309
472	LON_SL+_GGOE01000359.1		intron	5287	6054.0	768.0	0.0	+	.	LON_OG0030309
473	LON_SL+_GGOE01000359.1		fine	6055	6234.0	180.0	100.0	+	.	LON_OG0030309
474	LON_SL_GGOE01000331.1		TS	78	83.0	6.0	0.0		.	LON_OG0030308
475	LON_SL_GGOE01000331.1		intron	84	118.0	35.0	0.0		.	LON_OG0030308
476	LON_SL_GGOE01000331.1		TS	119	137.0	19.0	0.0		.	LON_OG0030308
477	LON_SL_GGOE01000331.1		intron	138	174.0	37.0	0.0		.	LON_OG0030308
478	LON_SL_GGOE01000331.1		TS	175	194.0	20.0	0.0		.	LON_OG0030308
479	LON_SL_GGOE01000331.1		intron	195	228.0	34.0	0.0		.	LON_OG0030308
480	LON_SL_GGOE01000331.1		TS	229	243.0	15.0	0.0		.	LON_OG0030308
481	LON_SL_GGOE01000331.1		intron	244	284.0	41.0	0.0		.	LON_OG0030308
482	LON_SL_GGOE01000331.1		TS	285	290.0	6.0	0.0		.	LON_OG0030308
483	LON_SL_GGOE01000331.1		intron	291	295.0	5.0	0.0		.	LON_OG0030308
484	LON_SL_GGOE01000331.1		TS	296	324.0	29.0	0.0		.	LON_OG0030308
485	LON_SL_GGOE01000331.1		intron	325	531.0	207.0	0.0		.	LON_OG0030308
486	LON_SL_GGOE01000331.1		TS	532	554.0	23.0	0.0		.	LON_OG0030308
487	LON_SL_GGOE01000331.1		intron	555	566.0	12.0	0.0		.	LON_OG0030308
488	LON_SL_GGOE01000331.1		tlh	567	618.0	52.0	67.31		.	LON_OG0030308
489	LON_SL_GGOE01000331.1		intron	619	627.0	9.0	0.0		.	LON_OG0030308
490	LON_SL_GGOE01000331.1		tlh	628	658.0	31.0	74.19		.	LON_OG0030308
491	LON_SL_GGOE01000331.1		intron	659	808.0	150.0	0.0		.	LON_OG0030308
492	LON_SL_GGOE01000331.1		tlh	809	869.0	61.0	70.49		.	LON_OG0030308
493	LON_SL_GGOE01000331.1		intron	870	889.0	20.0	0.0		.	LON_OG0030308
494	LON_SL_GGOE01000331.1		TS	890	911.0	22.0	0.0		.	LON_OG0030308
495	LON_SL_GGOE01000331.1		intron	912	1050.0	139.0	0.0		.	LON_OG0030308
496	LON_SL_GGOE01000331.1		TS	1051	1066.0	16.0	0.0		.	LON_OG0030308
497	LON_SL_GGOE01000331.1		intron	1067	1143.0	77.0	0.0		.	LON_OG0030308
498	LON_SL_GGOE01000331.1		tlh	1144	1174.0	31.0	64.52		.	LON_OG0030308
499	LON_SL_GGOE01000331.1		intron	1175	1232.0	58.0	0.0		.	LON_OG0030308
500	LON_SL_GGOE01000331.1		tlh	1233	1267.0	35.0	60.0		.	LON_OG0030308
501	LON_SL_GGOE01000331.1		intron	1268	1274.0	7.0	0.0		.	LON_OG0030308
502	LON_SL_GGOE01000331.1		TS	1275	1296.0	22.0	0.0		.	LON_OG0030308
503	LON_SL_GGOE01000331.1		intron	1297	1329.0	33.0	0.0		.	LON_OG0030308
504	LON_SL_GGOE01000331.1		TS	1330	1357.0	28.0	0.0		.	LON_OG0030308
505	LON_SL_GGOE01000331.1		intron	1358	1391.0	34.0	0.0		.	LON_OG0030308
506	LON_SL_GGOE01000331.1		TS	1392	1417.0	26.0	0.0		.	LON_OG0030308
507	LON_SL_GGOE01000331.1		intron	1418	1458.0	41.0	0.0		.	LON_OG0030308
508	LON_SL_GGOE01000331.1		tlh	1459	1490.0	32.0	65.62		.	LON_OG0030308
509	LON_SL_GGOE01000331.1		intron	1491	1497.0	7.0	0.0		.	LON_OG0030308
510	LON_SL_GGOE01000331.1		TS	1498	1507.0	10.0	0.0		.	LON_OG0030308
511	LON_SL_GGOE01000331.1		intron	1508	1545.0	38.0	0.0		.	LON_OG0030308
512	LON_SL_GGOE01000331.1		TS	1546	1561.0	16.0	0.0		.	LON_OG0030308
513	LON_SL_GGOE01000331.1		intron	1562	1725.0	164.0	0.0		.	LON_OG0030308
514	LON_SL_GGOE01000331.1		tlh	1726	1774.0	49.0	65.31		.	LON_OG0030308
515	LON_SL_GGOE01000331.1		intron	1775	1816.0	42.0	0.0		.	LON_OG0030308
516	LON_SL_GGOE01000331.1		tlh	1817	1852.0	36.0	66.67		.	LON_OG0030308
517	LON_SL_GGOE01000331.1		intron	1853	1888.0	36.0	0.0		.	LON_OG0030308
518	LON_SL_GGOE01000331.1		TS	1889	1896.0	8.0	0.0		.	LON_OG0030308
519	LON_SL_GGOE01000331.1		intron	1897	1908.0	12.0	0.0		.	LON_OG0030308
520	LON_SL_GGOE01000331.1		tlh	1909	1986.0	78.0	65.38		.	LON_OG0030308
521	LON_SL_GGOE01000331.1		intron	1987	2011.0	25.0	0.0		.	LON_OG0030308
522	LON_SL_GGOE01000331.1		TS	2012	2017.0	6.0	0.0		.	LON_OG0030308
523	LON_SL_GGOE01000331.1		intron	2018	2070.0	53.0	0.0		.	LON_OG0030308
524	LON_SL_GGOE01000331.1		tlh	2071	2108.0	38.0	57.89		.	LON_OG0030308
525	LON_SL_GGOE01000331.1		intron	2109	2149.0	41.0	0.0		.	LON_OG0030308
526	LON_SL_GGOE01000331.1		tlh	2150	2210.0	61.0	57.38		.	LON_OG0030308
527	LON_SL_GGOE01000331.1		intron	2211	2274.0	64.0	0.0		.	LON_OG0030308
528	LON_SL_GGOE01000331.1		TS	2275	2295.0	21.0	0.0		.	LON_OG0030308
529	LON_SL_GGOE01000331.1		intron	2296	2316.0	21.0	0.0		.	LON_OG0030308
530	LON_SL_GGOE01000331.1		TS	2317	2325.0	9.0	0.0		.	LON_OG0030308
531	LON_SL_GGOE01000331.1		intron	2326	2357.0	32.0	0.0		.	LON_OG0030308
532	LON_SL_GGOE01000331.1		TS	2358	2376.0	19.0	0.0		.	LON_OG0030308
