	ID	exon_or_intron_number	is_it_intron	class_of_exon	percent_of_homology_for_exons	length	first_nt_position	last_nt_position	first_10_nt	last_10_nt	path	sequence
1	LON_SL+_GGOE01000359.1	E1	0.0	1	100.0	227.0	0.0	0.0	accgtcaagt	tgttgcaggg	/home/norbert/mrdn/euglena/kod_i_pliki/surowe_pliki_plus_minus_500/raw_reads_9/fastas_after_mafft_na_probe/LON_OG0030309.fasta	accgtcaagtgcctgtcaaccgattccgttggcaaccgccttgagcgattgcaacagaccaatgcatcgctggcccgggagatggcagcgctgcgggagcgggcggagtacctggacgtgatggaggagatgaagtacttctcggagcggcccatgacccccatcagccacgctgtgttccacccctttgccccgcacctgacccacaagactgcgttgttgcaggg
2	LON_SL+_GGOE01000359.1	I1	1.0			428.0	0.0	0.0	gcccaggccc	gcctgcacgc	/home/norbert/mrdn/euglena/kod_i_pliki/surowe_pliki_plus_minus_500/raw_reads_9/fastas_after_mafft_na_probe/LON_OG0030309.fasta	gcccaggccccggcctgccattccaggcccggtcatgcttgacttgtctgctcttcgggggtgctgctttggggacaacagataatcgacactctgttgccgtgcatgcaaatgcttgaggcccctcaaatggaaactcaagtctggatatcgtgggcaaatgggaaagggcttttctgaacagataaaggccacctccgagaaaagttggcaaatttggccaagtttcacccattctggtcagatacatgcaaatctccccataacatttgttgaccattggaattgctccatgtgagtcaaccatattcatcctttttttcaccgtccgtcctttctgaattacaaagactgagatagtgaaaagactccacggcctgtttgggtttcggtgtctcaatacacgcatatgctgacggcctgcacgc
3	LON_SL+_GGOE01000359.1	E2	0.0	1	100.0	238.0	0.0	0.0	ggccctcttc	gcacgtccct	/home/norbert/mrdn/euglena/kod_i_pliki/surowe_pliki_plus_minus_500/raw_reads_9/fastas_after_mafft_na_probe/LON_OG0030309.fasta	ggccctcttcctcaaggcggagctgcccatccgcctggcccactccgcccatctgctcgaccgcctaccccgtgccctcgggggcctcgccgcgttccagcaggtgcgagagatgttcaccgactcgttccgtgacctgcggtccttccagttctccaagcctgccccggtttgggaggacagccagcggttccacgacatgctctttgttctccagaaccgccacaagcacgtccct
4	LON_SL+_GGOE01000359.1	I2	1.0			316.0	0.0	0.0	ggacgatgcc	cctcgccatc	/home/norbert/mrdn/euglena/kod_i_pliki/surowe_pliki_plus_minus_500/raw_reads_9/fastas_after_mafft_na_probe/LON_OG0030309.fasta	ggacgatgcccctcgtttcccctccccaacccccccacctggccggcaaaagtggcgatcaaagttaattaaaaaaaaacccaccacatcattcccaatgggtgtgtgtcaatttcatgcagaagtggaccaccagacattcttgagaatgggagggtcatatttggaacctgtttgatccacaaacctcgaagtggtgtggcaaaccgtggtggttgcacttcgtgcagacaaggtgtacttgcagtcactgtgtcgtgtctttgtgggttttgagatagcagcttcgccagtgagcggcaggggcctcgccatc
5	LON_SL+_GGOE01000359.1	E3	0.0	1	100.0	154.0	0.0	0.0	gaggtgattt	gtcggtcagc	/home/norbert/mrdn/euglena/kod_i_pliki/surowe_pliki_plus_minus_500/raw_reads_9/fastas_after_mafft_na_probe/LON_OG0030309.fasta	gaggtgattttccagggctgcaagcaacttcgcgctcagctgcaccgcacgcacggtcccaattgggcggaccaccctgaccagcatctcacccaggacgtgctggacgaatttttcggagggcgtgcagttgttcgctttctggtcggtcagc
6	LON_SL+_GGOE01000359.1	I3	1.0			83.0	0.0	0.0	agccagtgcc	ctctgccaat	/home/norbert/mrdn/euglena/kod_i_pliki/surowe_pliki_plus_minus_500/raw_reads_9/fastas_after_mafft_na_probe/LON_OG0030309.fasta	agccagtgcctggccactcgatggtgggcccttcttttcctcccgctgcttcggattgtctgcagccgccagcctctgccaat
7	LON_SL+_GGOE01000359.1	E4	0.0	1	100.0	83.0	0.0	0.0	agctgcagct	ggattctgaa	/home/norbert/mrdn/euglena/kod_i_pliki/surowe_pliki_plus_minus_500/raw_reads_9/fastas_after_mafft_na_probe/LON_OG0030309.fasta	agctgcagctccacgcacagtacatcggaggcgaaagcccctcagatgtgtttgggctggttcagctcaaggtggattctgaa
8	LON_SL+_GGOE01000359.1	I4	1.0			964.0	0.0	0.0	cgcccaagtg	catttgcagt	/home/norbert/mrdn/euglena/kod_i_pliki/surowe_pliki_plus_minus_500/raw_reads_9/fastas_after_mafft_na_probe/LON_OG0030309.fasta	cgcccaagtgcccaagcctccgaagaaaggaaatgacagcaaagaaggaaagattttggtttgttttcctctggacacccccagctgtccctttttggagattaccacctctctgccacaggacagctctgattttccgcgatcgctgtgccttggctattcttttgtacttaaacttgccaattaatcggaaggggccgatcagacctgaatgggaacggcctgatcccttaggttgggggtggggaatccccccccccccagcccgtcaagggccttccagaggcttcccttttctggtagccgtgaaaaacgggcaaaatttctttttgcctccggcaaaaagacagtatgcagatttgtcctgcttcaattttctcttctcacagatcaaaacaaacccgtttgtttgatctgccctctcgttcctccgtcacgcagcagttggtttttccaacaccatttcccaatttcatcagatctccttgctttccatgttgtggcctgaaccattaggtgggtggggggtccccccagccgcaggtagggggtccccgccccccctcctaggcttccgttcaggtctggggccgatcgattagattaatcggcgacaccgaacgattaatcgatcaatcgattaattgagacaaccgtacctggtgcgtgccaccagagggccctgagcgtcctgaccgggacagcgaggggaaggggtccagaccccccctttccgttccttctgcccaagcctcctactccctaaaaaatagcaaaatcctttttgtacgcaaacccaaccctaaccttacccccacagctggctgtgtgacacgggggctcgattaaggccttgtgcttctccagtcgtttggtggaacgattcttcacaagttttgcacttttctccatttgctcagcaaaggtcacgttgcccagatcctccctggcggtcatttgcagt
9	LON_SL+_GGOE01000359.1	E5	0.0	1	100.0	66.0	0.0	0.0	cacctgatga	cgtctgtcct	/home/norbert/mrdn/euglena/kod_i_pliki/surowe_pliki_plus_minus_500/raw_reads_9/fastas_after_mafft_na_probe/LON_OG0030309.fasta	cacctgatgaaggcatccattgcaacctgcaagcggatggccatcgcctctttcggcgtctgtcct
10	LON_SL+_GGOE01000359.1	I5	1.0			292.0	0.0	0.0	caccagcgtt	cgctggctgg	/home/norbert/mrdn/euglena/kod_i_pliki/surowe_pliki_plus_minus_500/raw_reads_9/fastas_after_mafft_na_probe/LON_OG0030309.fasta	caccagcgttgcttttgcattgggcacattccgagttcgcagctttcccacttgtccccccccccgcctgtgcggtctccctcgcgatgcaaaggaacggctttgatgggacacaaaatcccccaccataaagtattaaatggtcgtcaacaaagttttgactgaatccgccaatctttctccaaactggtgtgcgcttgtgtgtatccgggtgcattccccagcgacagctttgcagtgcgcaggctgcgcaggcagggcttcgggtctgtagcaacgcagcgctggctgg
11	LON_SL+_GGOE01000359.1	E6	0.0	1	100.0	140.0	0.0	0.0	gacattgaac	aggaaggcaa	/home/norbert/mrdn/euglena/kod_i_pliki/surowe_pliki_plus_minus_500/raw_reads_9/fastas_after_mafft_na_probe/LON_OG0030309.fasta	gacattgaactcacctgcaactgtgggacaccgctggtgcaaatcgggcaccacatccagttcatcaccatccgcctgctgcgacatgccatcataggcgtgctgcaggcccatggcgtggagaaggtgaaggaaggcaa
12	LON_SL+_GGOE01000359.1	I6	1.0			347.0	0.0	0.0	tgcctgggtg	gcaccaccac	/home/norbert/mrdn/euglena/kod_i_pliki/surowe_pliki_plus_minus_500/raw_reads_9/fastas_after_mafft_na_probe/LON_OG0030309.fasta	tgcctgggtgcgggtttcagcatttgcacaaaagggttgtggaccccattgatgacaagcaagcgagaagctgcaatccattccaaagcggttcttttgcagcagcagcttctgtccaatgcttttcctctcttccatgggttgcccccccccccctagcccatgtgtgtttgtggtcccagattgaagggatacccattgcaagcgacaccgcagggacaatccagggcacaccgaattgccaatcgaaacatcttttttttggtgtcaaaggtccacctttgcacctttccacaagaagaagggcggcatgctgcttcccccccccctcaaaaccgcaccaccac
13	LON_SL+_GGOE01000359.1	E7	0.0	1	100.0	95.0	0.0	0.0	tgctgttcct	atctcccggt	/home/norbert/mrdn/euglena/kod_i_pliki/surowe_pliki_plus_minus_500/raw_reads_9/fastas_after_mafft_na_probe/LON_OG0030309.fasta	tgctgttcctccgatcactgtgacagtggcggatgccggcaccaatgaggacttgtgcatccgcgtgcaggacagcagccttgggatctcccggt
14	LON_SL+_GGOE01000359.1	I7	1.0			750.0	0.0	0.0	ccaacctgag	ggcccagtgg	/home/norbert/mrdn/euglena/kod_i_pliki/surowe_pliki_plus_minus_500/raw_reads_9/fastas_after_mafft_na_probe/LON_OG0030309.fasta	ccaacctgagcccactgactgcaccggaaaatgatgcagtgtccccccccctctttctccaagaaggtgtttacaacgattcattgtccgatcatccattccaaaatgtgtgggctcatctcaaatgtattggtatttacagatcctcagcaccaagaaagactaagccaggccgacccagaggctgaacgaagtcaccctggattaagttgcagtgccttcggtcgttgttgtttgtgttcgtcagccaccctctgttcgatttcttacatttcttaggattgctcacgttgagcagttgtggtaaggatgctcccagcacagccttttgccactctcttgaatgtctcctgcaaggagatccatggcattgcaaaaaacctgtgggattccatccattgcacctgcccccggcaatttgctatccctgcaaattggtccccttctctcttcttcccaatcttgcccccctcctgcgagacggtggaattggattgtgtgagatctgccagctcatgaaatgtatgaaactcaccatctattgcgcatatttatcatgagttgatgcaaaattggtttaacaaaggaggtcacaagagataatgaaactgtctaccccctctcttgttctggccaatttgccccctgacatattggcctctgttctagccaatttggctgggaccaccgggggatacacatccgccgcagcactggaactgtgccccccccctcccctgggcccagtgg
15	LON_SL+_GGOE01000359.1	E8	0.0	1	100.0	220.0	0.0	0.0	ccaagttgcg	agccagagga	/home/norbert/mrdn/euglena/kod_i_pliki/surowe_pliki_plus_minus_500/raw_reads_9/fastas_after_mafft_na_probe/LON_OG0030309.fasta	ccaagttgcgccagctgtggagctatttgcacgacgacgctcaccttggggagcaggagtgggtggcggcgacggaggaggacaagcagtatggggaaggcttcgggctgcccctcgcccgcttgcgtgcttggctctttgggggcgacgtcgtcgtccagagcgtccagggcgtcggcctggacatgtacgcatacatcccaaagttcaagccagagga
16	LON_SL+_GGOE01000359.1	I8	1.0			768.0	0.0	0.0	gtctgtgctg	tcgcagaagt	/home/norbert/mrdn/euglena/kod_i_pliki/surowe_pliki_plus_minus_500/raw_reads_9/fastas_after_mafft_na_probe/LON_OG0030309.fasta	gtctgtgctgcagcttgctggtcagcggggggggggggcaggcaggttgtatgggaagagctacggaaccgaggtagtcccctcttgggggggggacttcttcaggaaaggtggtggagttcccccccaaattgagaagggggtccagacctacccaacccacccccccctccttggggaaggcttcgcgccggtaagaaaaattttgaccaagatttcccctcaaagtggtgtgtttcttacggactcaccttccaccatcaccatgaagcaaacgcgtcacacgccggtccgggatttccctctccccacctttcccccctgactgattcaaatctgtgttgatgcaagagatcatcacattcaagggtgattttcctccttatggaagggaggttggggggtccggacccccccctcaaggttgaggtccccgaccccccaggcatgcgtgtgttttgtggtttttgttttgttttcacaaaccaaaatctacgtttgcaggaaggttcggtttcgagttcacttcacgttgttcctgccccccccccccaaggctggtggccacgttggtcaaatacccccccaaggctggtggccttgtggtcatggtgcctgaaggtcgcgtgttcaattccctggatggcatcaggttcaacccatgacaataattcacattgctgtcaaaaatacccctcacccccaaggcttctttcttttccggctgaatgccatttcttccgcttggcgaagatgcatcgcagaagt
17	LON_SL+_GGOE01000359.1	E9	0.0	1	99.45	181.0	0.0	0.0	ggtgctttct	agtggtgcat	/home/norbert/mrdn/euglena/kod_i_pliki/surowe_pliki_plus_minus_500/raw_reads_9/fastas_after_mafft_na_probe/LON_OG0030309.fasta	ggtgctttctggacccgcgtttcaaaagtgacctcctattcgtgtcccctgctcgcttgtgcccttccctttgctcctttccttcgttggatttccccggtccctgggtgcggacagctccgttgctgccattcccgcacattctttttaccaccactggaacgaggaaggagtggtgcat
18	HIE_SL+_TRINITY_DN44987_c1_g4_i1	E1	0.0	1	100.0	169.0	0.0	0.0	gggcgctgtt	gggcccgccc	/home/norbert/mrdn/euglena/kod_i_pliki/surowe_pliki_plus_minus_500/raw_reads_9/fastas_after_mafft_na_probe/HIE_OG0030307.fasta	gggcgctgttctgtgccacacccataataccaatggcggaggaggacgccccggacgagaacacgatgatctactggacgggcttccagggggacgaggaggacgacctcggggagcggtgcgagcagcgcgagcggatgttcttctcccgcgactactgggcccgccc
19	HIE_SL+_TRINITY_DN44987_c1_g4_i1	I1	1.0			631.0	0.0	0.0	cgccccttgg	cgtcctgccg	/home/norbert/mrdn/euglena/kod_i_pliki/surowe_pliki_plus_minus_500/raw_reads_9/fastas_after_mafft_na_probe/HIE_OG0030307.fasta	cgccccttgggcgttgcctccgaccccccctccccaaatgttagcagccctgagccgatcggttgaaacccaaatataaacaatgggttgcttatatcttagggggtctaaacagtgcagcgtggacggagataggggaggggggcaacagagtcagctacgggggaggggaggttgtgactagacccccctcccccgggagttggtaaaaatttgtatggtgcggagagagtggagtgagaaagtgaggagaaagcgcaccgcaacctgcttctggttgctaacccagagtggaatacagatagggatgcaactcaggggtttgccaatcacttggtcacagggcggccaccccctccccatggtgattgacggggtttggcctctggggtgtattttctgcgtggttctaaaagaaagaaaatatttttttttaaaagtggaagggacccctgaaaattggtaattttttatgcaggacatctacaacctctacccgaagtcaccgtctctgcctctcgcacataaatttgtgcaatgccacgcaccaagagaacaacgttttgccacaggacggttattttttgcacgttgctatcttctaagctgcacagtgggcaacgtcctgccg
20	HIE_SL+_TRINITY_DN44987_c1_g4_i1	E2	0.0	1	100.0	107.0	0.0	0.0	caacccattc	cttgaggaac	/home/norbert/mrdn/euglena/kod_i_pliki/surowe_pliki_plus_minus_500/raw_reads_9/fastas_after_mafft_na_probe/HIE_OG0030307.fasta	caacccattccatctcgggcctcggcggaaaaatggcgatttcctcggcgtcaaagtcgtgaagaaccgcttctttgtgccgtacctctatggtggccttgaggaac
21	HIE_SL+_TRINITY_DN44987_c1_g4_i1	I2	1.0			173.0	0.0	0.0	ggtatcggcc	ctcttgcgca	/home/norbert/mrdn/euglena/kod_i_pliki/surowe_pliki_plus_minus_500/raw_reads_9/fastas_after_mafft_na_probe/HIE_OG0030307.fasta	ggtatcggccctcccaccccaatgcggtatttttacttttcctctcacattcccatcattctctcttcccttttccacctcgcatgccccctcctccccacccgttgcctctccctctctctatgcgctcctccagttaattctgcttcactcaacaccctggctcttgcgca
22	HIE_SL+_TRINITY_DN44987_c1_g4_i1	E3	0.0	1	100.0	112.0	0.0	0.0	gggtccacca	tacagggggc	/home/norbert/mrdn/euglena/kod_i_pliki/surowe_pliki_plus_minus_500/raw_reads_9/fastas_after_mafft_na_probe/HIE_OG0030307.fasta	gggtccaccacgcccggggcatgacccacgaccacctcgtgccgtatgtgggctgctattgtgaccacagccgagaggaaacactgctatggcagcaccatgtacagggggc
23	HIE_SL+_TRINITY_DN44987_c1_g4_i1	I3	1.0			308.0	0.0	0.0	gtccaggctt	gcctgggggt	/home/norbert/mrdn/euglena/kod_i_pliki/surowe_pliki_plus_minus_500/raw_reads_9/fastas_after_mafft_na_probe/HIE_OG0030307.fasta	gtccaggctttgacgcaaggaggcttgtagctaaacaggtggagggttgcgtttcgattgacccgccccagggaggaaaaaccatctttcctggaagaaaaacgtttagggtatttctcttgggtcctggaaagcccaaaaaattaaaaaagacaacacaccttctgggccacatttgaccccccaacgcacctaaatgctttcggctctttatcctgacgtttttacccccgaggccatggcattcttatgctgggggggggcggaccccaccttctaacctggcttatatatcaaagcctgggggt
24	HIE_SL+_TRINITY_DN44987_c1_g4_i1	E4	0.0	1	100.0	62.0	0.0	0.0	gtctttggag	gtgcgagtct	/home/norbert/mrdn/euglena/kod_i_pliki/surowe_pliki_plus_minus_500/raw_reads_9/fastas_after_mafft_na_probe/HIE_OG0030307.fasta	gtctttggagaccctgctgcggaaacgcaggcgcgggttcgatgagatgcaggtgcgagtct
25	HIE_SL+_TRINITY_DN44987_c1_g4_i1	I4	1.0			566.0	0.0	0.0	gctgggtgcc	ccccttggcc	/home/norbert/mrdn/euglena/kod_i_pliki/surowe_pliki_plus_minus_500/raw_reads_9/fastas_after_mafft_na_probe/HIE_OG0030307.fasta	gctgggtgccgaccgcactccacatgccacggttgtcatgtctattgtgtaccatacagccctccccttggtgggaaaaaatgtacccaccaaacatggaaggattttcagcaagaagcatgccaaccaaaggaagtaattcacggtcttcatgaataaaacttaggtgtgaacatttcagttgtgactcatgtttggtaggagggcaggtgtctggatgtgagtatggcagggtcatttccaggccccagggtggtggttttacaacccctttgagttcgcaatgggagtggtttcccgttgaaacataacggtgccaaccgatagttcatacattcattgttgtgattggattcaagagcagcacccccaacgtttccgcctgcttgtcccctgtggtcgggaggactgcccaatgccactctaccccttccagtttggtctcttgttccctcgggggtgggcggcaggccctgggcacccattttccttccatccccagtggggggtcggggggcaggccagtgggggttggctgggccccaggggcggtcggccccttggcc
26	HIE_SL+_TRINITY_DN44987_c1_g4_i1	E5	0.0	1	100.0	154.0	0.0	0.0	ggctgtacag	ccatctacac	/home/norbert/mrdn/euglena/kod_i_pliki/surowe_pliki_plus_minus_500/raw_reads_9/fastas_after_mafft_na_probe/HIE_OG0030307.fasta	ggctgtacagcgtgctgaagggcctgcagcacctccaccagcacggctgcgtgctcggcaagctgcgcgcctccaaggtggtcctcgaccgggacggtgttccggtactggtggactgggcctgcccgccgaacctgttcaagtccatctacac
27	HIE_SL+_TRINITY_DN44987_c1_g4_i1	I5	1.0			406.0	0.0	0.0	gtgtgccccg	tgtcgcacag	/home/norbert/mrdn/euglena/kod_i_pliki/surowe_pliki_plus_minus_500/raw_reads_9/fastas_after_mafft_na_probe/HIE_OG0030307.fasta	gtgtgccccgccccacatccccccgacccaggcaaccggccccctatgggcctggtgcaaggtagacagccagtcgtgttttttttgtgtccgagggaggctgtcaccctctgggtagcttcctgcctcgccaactaaacccccaggtcgaaaggaagacccgatttgaggacagcgtggagccttcaaggtggttttcattgatggctctagtgtcccagcaatgaccaccttttgcccaggccatttatgattcatttcatgcacatatttttttttgtggtgccatcgacagatcagtccagcccagagtctgagagctctctctctctctctctctctcgctctccctctctctctctctcccttctcctggctgctttatacatcattgcctgtcgcacag
28	HIE_SL+_TRINITY_DN44987_c1_g4_i1	E6	0.0	1	100.0	90.0	0.0	0.0	gtacaagcac	ggctgctcct	/home/norbert/mrdn/euglena/kod_i_pliki/surowe_pliki_plus_minus_500/raw_reads_9/fastas_after_mafft_na_probe/HIE_OG0030307.fasta	gtacaagcacgtcaatgtgatggcgccagaggtccagagcggctcggattttgggcccgcggccgacgtttggagctttgggctgctcct
29	HIE_SL+_TRINITY_DN44987_c1_g4_i1	I6	1.0			232.0	0.0	0.0	gtccaggcct	ccctggcggc	/home/norbert/mrdn/euglena/kod_i_pliki/surowe_pliki_plus_minus_500/raw_reads_9/fastas_after_mafft_na_probe/HIE_OG0030307.fasta	gtccaggcctatcgtggtttatatgggacagaccgcgctcgtgcctctggctgggctccacggcctgggggagtattttttgtggacaacctcgttttgattgggtattgtatagcttcgccttggggaacagaatgcatggtgccctctgtcgtgcatcattggcgaagtccgtctccatttcctttgagaccggagtccagggttgtggtcccttcgaggccctggcggc
30	HIE_SL+_TRINITY_DN44987_c1_g4_i1	E7	0.0	1	100.0	133.0	0.0	0.0	aattgagctc	ccggtgctct	/home/norbert/mrdn/euglena/kod_i_pliki/surowe_pliki_plus_minus_500/raw_reads_9/fastas_after_mafft_na_probe/HIE_OG0030307.fasta	aattgagctcctgactggacagcccgccttccccgtctccgaggagacccaactccggttccgggcggcgcaccctgaggaggacgccacagtgggggcgatggaggcccgggacatcaagcaccggtgctct
31	HIE_SL+_TRINITY_DN44987_c1_g4_i1	I7	1.0			1814.0	0.0	0.0	ggccgggctg	gtccggggcc	/home/norbert/mrdn/euglena/kod_i_pliki/surowe_pliki_plus_minus_500/raw_reads_9/fastas_after_mafft_na_probe/HIE_OG0030307.fasta	ggccgggctgcgctctggcccccactgtattgagggaggatagggagcctaaaatactgttgtgtgtggtgttgtgtgggagtgtgtgtggtgtgtgtgtgtgtgtgtgtgtgtgtgtgttgtgtggtgtgtctgtgtaaaaggggcgattaaatttcctgagaaatacaaaaagggcgattaaatttcctgagaaatacaccgctctggctggtggagataaaaagatgccatttttttctggatggtttcaaggactccgccatattttgtaccctgcgacatttgtcgatgcaaaatttctctctaccacgaactcggcgagcgttcgcaatcttcgttcccattgaggaaggttcttctggagggtcgcgagcgctgccaaggctctcgatcaggctttgacgtaaggaggccttcattcatggtggtggacggggggtgtcccaggaccccccctccaggaccgggggggtcccaatcaccacccccccccccaccttccggggtccgaccaaccccccacggaccgaaaatttttttctcctgggcgcttcgtgcccggggggtttgagaaaatgggtatttttatgtttcaaaaaggccaaaatttttgaaaatttttgaaaaaatctcgaattttttggctttttggaaacatagaaaatacccattttctcgaaaatacttttggccattttttggcccctgaaagtaccctccaattttttttgtgctttgtggtggtggtggggggtgtcccgagactcctccctccaggaccggggggggtggtcccccaccacctgctcttatgtcaaagcctgctcccgatcctctccaacccggttcgggttctgggctgaaggatatatttttaaccaatagtattcataataatcgaagctcaaataaaaaacgacggtgtagcgcatgtgtcatgtgagtaaatttcctacctgcccccctcctgtccaacgattgggcttgtccaacgaccaccccctggttggatgtgatgtttatttggaaaaagacgacaccccctggtgagagacgatcattagtggtcgttggacaaggggtggggaacaggtaatattttttttcagaacattaatcccaaccctgttccttacttcaaggtaaccccttttcttcacagattttcctgaaggtttgcattttcttctaaccctatctttttccataacgttttggatcctttttcttacgaagcattttggacccatgttctcccctaaccctaccctctcagtaatacatcattttttgtttcctttctgacaagggaaggtacatttttatgcatcccgcttcatgtagtagacgctggaggaggatcgcgagcgtttgccagtattttgaaatcctccacctgggagaatccctagacctccaagcctagcaatacttgtgatccacatcgggtgcgaccggacgctcctcataccaactccgcatacagttccaattttcaacatcaacccatgtatgagacacccatgtgggtcgaaaaagaaataggtattttgcgcattctgaggagtcaaatcaaagggattgtataaacgtcgacgaaaatctcgctgggacatggtgactgacttttctggctgtaaagtgcaatttgataacaaagggcactccttcaaagcgtgtatttttaagagaaagtcgccgcagggcaaagttggcaggaggcaggggatggcaggggtgcacatgactggcaggtcttgcaggggcggtgggtggggcggtgggtggggcatgtgacgccgtccggggcc
32	HIE_SL+_TRINITY_DN44987_c1_g4_i1	E8	0.0	1	100.0	64.0	0.0	0.0	atgacgccgg	cgccggccca	/home/norbert/mrdn/euglena/kod_i_pliki/surowe_pliki_plus_minus_500/raw_reads_9/fastas_after_mafft_na_probe/HIE_OG0030307.fasta	atgacgccggaagctctcgccctcgccctgcgctgcctcgccccggaccccgcccgccggccca
33	HIE_SL+_TRINITY_DN44987_c1_g4_i1	I8	1.0			149.0	0.0	0.0	ccgtggccag	agaagcctgc	/home/norbert/mrdn/euglena/kod_i_pliki/surowe_pliki_plus_minus_500/raw_reads_9/fastas_after_mafft_na_probe/HIE_OG0030307.fasta	ccgtggccagccttctttttaagggctgctggaccccccccccctggaggagtgtattgagtggctggaattttttttgagggaggttgtttcccctggaaaaacaacaaccaatcaatcactcggggggttcttaaaaagaagcctgc
34	HIE_SL+_TRINITY_DN44987_c1_g4_i1	E9	0.0	1	100.0	46.0	0.0	0.0	ccgtggccca	cccctgcggt	/home/norbert/mrdn/euglena/kod_i_pliki/surowe_pliki_plus_minus_500/raw_reads_9/fastas_after_mafft_na_probe/HIE_OG0030307.fasta	ccgtggcccagctgctggcggacgacttctttgccgcccctgcggt
35	HIE_SL+_TRINITY_DN44987_c1_g4_i1	I9	1.0			436.0	0.0	0.0	gcccaggctg	gcctgctggg	/home/norbert/mrdn/euglena/kod_i_pliki/surowe_pliki_plus_minus_500/raw_reads_9/fastas_after_mafft_na_probe/HIE_OG0030307.fasta	gcccaggctgaagttggcattgcattggacctcaatcatcccccccctcgggttgctaaccaacgaggccttgcatcgaaccaggtggtggaccccctcccttcctcctcctcgtgaacaaggtccggacccagctgccatcccttggatggaaaacgagggttgtattttcggagccttcaagcccagaaattgaccaaataacaaggcacaagttatctggagaagtttggctcatgtcagtggttgtagaaaagcatctacaaattggtgggtgtatatgtatatgtatatatgtatacacaccgatacatatatgtatacacctatatatatgcatatatacatacatgtatatgtacacacacacacacacacggaacaaatttttgaccgactggaatacgcaccccccctggcgccacagcctgctggg
36	HIE_SL+_TRINITY_DN44987_c1_g4_i1	E10	0.0	1	100.0	144.0	0.0	0.0	gaagcggcag	cgccgagccc	/home/norbert/mrdn/euglena/kod_i_pliki/surowe_pliki_plus_minus_500/raw_reads_9/fastas_after_mafft_na_probe/HIE_OG0030307.fasta	gaagcggcaggcgctgctcggcctgaagcgggcgttgacggaccgcatggcccgcacgcaggccgccgtggcgatggcgaagagcgcagaggaggacgacgaggaggaggaggcggacgagtcgccgcgcagcccgccgagccc
37	LON_SL+_GGOE01000328.1	E1	0.0	1	100.0	136.0	0.0	0.0	gattgaactg	tcgctgcttt	/home/norbert/mrdn/euglena/kod_i_pliki/surowe_pliki_plus_minus_500/raw_reads_9/fastas_after_mafft_na_probe/LON_OG0030307.fasta	gattgaactgctgacgggacagcccgcattcccggcctcggaggacacccaatttcggttccgagcgaccgggggggtggacgacatcgaccaagatggggggatggaggccagagagatcaagaatcgctgcttt
38	LON_SL+_GGOE01000328.1	I1	1.0			2441.0	0.0	0.0	ggccggacca	gtccgtggcc	/home/norbert/mrdn/euglena/kod_i_pliki/surowe_pliki_plus_minus_500/raw_reads_9/fastas_after_mafft_na_probe/LON_OG0030307.fasta	ggccggaccaccttctggtgctcccacaactgtctttcaggatggatattccgttccctggtggatggatattccgttccctcacctttgatgcaggatgcatcacacttttctctctctctctctctcccctcccccccgcccctagtggtcaaggtgtctgccttgcaagccgaaggtcgtgggttcgattccctggcgggcagcaggttcgggcccacgacatggatccacgttggtcaaatccccccctctctctgtgtgtgtgtgtgtgagcgcgcgcgttgtgtgaagggaggggcaaaaaacaagttgcttttctgcttttttgccttttttgctttttcagaaatttgcatttttttgcatttttttgcattttttgcatttttttgcattttttttgcattttttgcattttttccccagacaaacaatttccactgacttatctcttgtgctgctttgagctgaggtcctctcagacaagctacattcattaaaggaatttttgtcttcagacatcgtgtcaacaagaaggggaggaaatgcacgttgcattttttttgcatttacttgcatttcgggaatttgggcacattttatgcaataacattcagagcgatggtgtttttgtgagcaggcacatctgtcgtcaatcctgtcaatctagctttgtggatcagatggctttaacagataggggatggagaaaatacaacatggggggtcccaaaatggaaaaacatgcaaaagcatgcaacttggctaaaatacatttcaaaatcagtaagttgtacactttcttgaatttccagtgggtataaatgctagagcaacccattccacattccacagcaaagcaaggaactatattcgaggcaaatccaagcattgttgaagaaagatggcccatcctggtgttaaatgatgattatgtttggaaatggttggaggaacagaatactgaaggaattgaggtggaagttgctttttgtgtttttctttcgttttttgatcatcacttaatttgtgccttttgcgtcgtatttttttgacccattttgtgggtttcgagcttttctatgggaagttttgaaaaagaaattcatgcattttgggccaatgacaggcaccaacgcaaagctgcatggttgcatatggccgggaggggtaagaaatgcaagttgccatttggccccgcctgttctgtccaatttggcccctggcaaaattggccccctcctcctctgcaaccaccaatgaccccttaaaataactggggttcgaacctgggtccagaaatattgaaatttggaaaaatcgaaaagcgggcattttgcaaaaaaaaactcgaatcagcacatatttcttttcctgcacagttttgccaagatcacccggatatgtcaaagttggcccaaatcgaccccacatttgctcaaagtccagccttttggaggtgcacagcaacagtttaatgatgcaggatggctctaaatctcaaaaaaaaatgcaatgcatcacaggagtaagtggggtcaaaaatggaagggtttcattcaaggacgagaatcacaaataagcatgtaaaataacgaaaaatcaccgaagcatgaatcacagaaaaaccccgtcccaagaatctgccggacatttcccatgatgcttctcaatttcccacgctttctctgcccattttgcagcagagtggcaaaagtattgccgtgttgaacaagtgttccatctttccctgtcatttgtcaaaacacattgggattttggctcaatcctcataccctatgctgatgttgaagctgtgcttttcttttttcatctttttgtgttttgcacatgcgcgttgcattccatcacatggtaattgataagagaaaagcatcccataaaaattgtggggaaattgtgacagaaatttcggctcatgaggaaacttgctttttttttgcttgtttgcttttttccagccttttttgaggtcccaagttgctttttttgccccctccctgttgtgtacaagtgtgtgattgagctgttcagttgccttcatcagggttctcacctccaccacatggctacggcgcagccggtatctgtgcaccaaagagggggttggatcattaatcataacagggaaaccacccgatccgctgttattgtggaatctgtgttcgtgcatgagtgccttgattctgcatgtgtgttgcctgtattgtgtgtgtgcgtgtgcatccatgcgttgttgcgtcgtgcgtgtgtgggaggatgggtgagtgggtgggtggggtatgagcgtgtgtttgttgtgtatatgtatatgcgcacctgcgtgggttgttggttgaaggattaaccagtcgagtatgcccacacgggttattggtgggcaacgtcagagagggggccggaggtggtccgtggcc
39	LON_SL+_GGOE01000328.1	E2	0.0	1	100.0	68.0	0.0	0.0	atgacaccag	ggcccactgt	/home/norbert/mrdn/euglena/kod_i_pliki/surowe_pliki_plus_minus_500/raw_reads_9/fastas_after_mafft_na_probe/LON_OG0030307.fasta	atgacaccagatgccctcgccctcgccctttgctgcctgcgcaaatcccctgcccagcggcccactgt
40	LON_SL+_GGOE01000328.1	I2	1.0			313.0	0.0	0.0	cccacagcca	aaccgccctg	/home/norbert/mrdn/euglena/kod_i_pliki/surowe_pliki_plus_minus_500/raw_reads_9/fastas_after_mafft_na_probe/LON_OG0030307.fasta	cccacagccagggaggtcctcagggacaggattcttttccccctcttgtttagcaccaaaatggattaaagtttggaaaagaatacttttgacattagcaaattgtcctgaacacaccagtgttttttttggaaacattgatttttgatgtttccgaaaatttccgaattcttggaccaagttcgaacctcaggtctgcctttcccagaccccgaattataaggaaaaatgggggaaacaacactttcacactttaatcttggacctttttgtatgggggacaaggatttgcttttgggtgtgaaccgccctg
41	LON_SL+_GGOE01000328.1	E3	0.0	1	100.0	254.0	0.0	0.0	cccacagctg	cctgcccccc	/home/norbert/mrdn/euglena/kod_i_pliki/surowe_pliki_plus_minus_500/raw_reads_9/fastas_after_mafft_na_probe/LON_OG0030307.fasta	cccacagctgttggctgaccccttcttctcggacccggcggtgaagaggcaggcgctgctgggaatgaagcgggcgttgacagaccgcatggcgcgcacccaagctgcagtggcgatggcaaagggtggggaggacgagagtgaggaagacggggaggaagaggagaatggcgatgaggagaaggcgtcgcccacaccgccacccgcccctgcatcccgcactggatgcacaaagcacacctgacctgcccccc
42	GRA_SL+_TRINITY_DN42854_c0_g2_i2	E1	0.0	1	97.92	96.0	0.0	0.0	ctacacgtac	ggctgctcct	/home/norbert/mrdn/euglena/kod_i_pliki/surowe_pliki_plus_minus_500/raw_reads_9/fastas_after_mafft_na_probe/GRA_OG0030307.fasta	ccacaggtacaagcacgtgaacgtcatggcgccggaggtccaaagcggccgggacttcgggccctccgccgacgtctggagcttcgggctgctcct
43	GRA_SL+_TRINITY_DN42854_c0_g2_i2	I1	1.0			102.0	0.0	0.0	gcccgccgcc	cggcgggggc	/home/norbert/mrdn/euglena/kod_i_pliki/surowe_pliki_plus_minus_500/raw_reads_9/fastas_after_mafft_na_probe/GRA_OG0030307.fasta	gcccgccgcccggggttcggtgcccccggctgtcaggccgttgggttgccccgccggggtggcaagtccccgctctccctgaaaaccccgggcggcgggggc
44	GRA_SL+_TRINITY_DN42854_c0_g2_i2	E2	0.0	1	100.0	145.0	0.0	0.0	gatcgagctg	ccgctgcttt	/home/norbert/mrdn/euglena/kod_i_pliki/surowe_pliki_plus_minus_500/raw_reads_9/fastas_after_mafft_na_probe/GRA_OG0030307.fasta	gatcgagctgctgaccggccagccggcgttccccgtctcggaggacacccagcggcagttccgggcggcggaccacgaggaggaggggccaccgggtgtccctgcgggggccgtggaggcgcgggacatcaagaaccgctgcttt
45	GRA_SL+_TRINITY_DN42854_c0_g2_i2	I2	1.0			238.0	0.0	0.0	gaccgggcgg	gcccgcggtc	/home/norbert/mrdn/euglena/kod_i_pliki/surowe_pliki_plus_minus_500/raw_reads_9/fastas_after_mafft_na_probe/GRA_OG0030307.fasta	gaccgggcggcctcaccatggcagtgccacatcctgggccaacagaactttcgcccggctgccagccagccctgcccctgccagctccaactcttgccgctggcacacatttggaattttcctccccgtactgcccagatccattaaaccacggtttgtggttgggggcatttcactttgggggttgggggtctgtccgtcttccgccttgccaaaggtaccgcggtggcccgcggtc
46	GRA_SL+_TRINITY_DN42854_c0_g2_i2	E3	0.0	1	100.0	72.0	0.0	0.0	atgtcgccgg	caccgtggca	/home/norbert/mrdn/euglena/kod_i_pliki/surowe_pliki_plus_minus_500/raw_reads_9/fastas_after_mafft_na_probe/GRA_OG0030307.fasta	atgtcgccggacgccctctcgctggccctccgctgcctcgccaagtccccggcccggcggcccaccgtggca
47	GRA_SL+_TRINITY_DN42854_c0_g2_i2	I3	1.0			399.0	0.0	0.0	cggccagggc	ggcctggggg	/home/norbert/mrdn/euglena/kod_i_pliki/surowe_pliki_plus_minus_500/raw_reads_9/fastas_after_mafft_na_probe/GRA_OG0030307.fasta	cggccagggccgggcaggacaccccacgactcctgcagttcaggggggacacgtccccagcccgatgtgatggtgaccccccccccccgtaataagtgtggacaagggacggagtttgatttattagggtactgcacatttgtccagatatgcctcgaaaaggctttttgggagccgcattccaattttattaattcttttttatgtcacttttggccacaggacaattagttgttcattttcattcacaagagtgctgaagaaagtgtctttgagatttttttggtgtttgtggagaatgatgtgcacttattggagtacacatatctaaacattcggcattttttgggggggactggaggactcactcccacctcgccttcctgccgggcctggggg
48	GRA_SL+_TRINITY_DN42854_c0_g2_i2	E4	0.0	1	97.89	190.0	0.0	0.0	cagctgcagg	agcccccggc	/home/norbert/mrdn/euglena/kod_i_pliki/surowe_pliki_plus_minus_500/raw_reads_9/fastas_after_mafft_na_probe/GRA_OG0030307.fasta	cagctgcaggcggacccgttcttcgcggacgcggccgtgaagcgccaggcgctgcttgggatgaagaaggcgctgacggaccgcatggcccgcacgcaggcggcggtggcgatggcgaagagtgcggaggagagcgagggggacgaggacgaggacgccgaggccccccccagcccgcccagcccccggc
49	GRA_SL+_TRINITY_DN44436_c0_g1_i1	E1	0.0	1	100.0	150.0	0.0	0.0	gtggtgccca	tacagcaact	/home/norbert/mrdn/euglena/kod_i_pliki/surowe_pliki_plus_minus_500/raw_reads_9/fastas_after_mafft_na_probe/GRA_OG0030308.fasta	gtggtgcccatcggcaaggaccaggatggcgtagccggggatggccgaccgggccaagttccccaactacatcgaggacaccgcccgggcccagcggttcctccgcggtttcaaggacgcggccggcagacccaagtatttacagcaact
50	GRA_SL+_TRINITY_DN44436_c0_g1_i1	I1	1.0			195.0	0.0	0.0	ggtgtgcacg	tctctgtaca	/home/norbert/mrdn/euglena/kod_i_pliki/surowe_pliki_plus_minus_500/raw_reads_9/fastas_after_mafft_na_probe/GRA_OG0030308.fasta	ggtgtgcacgtgtgtgtgggcgcagatgtgctcgcttttttgattgtgcttgtgtgtgtgtgtgtgtgtgtgtggatgggtgggtaagtgggtgtgttgtgggtgtaattatgtgtgttgtctgtgcgtgcatgtgtgtgcgcttgtgtgtgcgtgtgctgcatgggtctatgtaataaaagccctctctgtaca
51	GRA_SL+_TRINITY_DN44436_c0_g1_i1	E2	0.0	1	100.0	57.0	0.0	0.0	gcaagacatc	atgacttata	/home/norbert/mrdn/euglena/kod_i_pliki/surowe_pliki_plus_minus_500/raw_reads_9/fastas_after_mafft_na_probe/GRA_OG0030308.fasta	gcaagacatctctgaccggcggacgaagatattcgacctgtccctggatgacttata
52	GRA_SL+_TRINITY_DN44436_c0_g1_i1	I2	1.0			49.0	0.0	0.0	ccaggtgtac	cgggctcctg	/home/norbert/mrdn/euglena/kod_i_pliki/surowe_pliki_plus_minus_500/raw_reads_9/fastas_after_mafft_na_probe/GRA_OG0030308.fasta	ccaggtgtacccccggctttatggcttatggctcacattcgggctcctg
53	GRA_SL+_TRINITY_DN44436_c0_g1_i1	E3	0.0	1	100.0	48.0	0.0	0.0	ccaggccaag	acaataccat	/home/norbert/mrdn/euglena/kod_i_pliki/surowe_pliki_plus_minus_500/raw_reads_9/fastas_after_mafft_na_probe/GRA_OG0030308.fasta	ccaggccaaggagaacgaattggcagacaagatccggaacaataccat
54	GRA_SL+_TRINITY_DN44436_c0_g1_i1	I3	1.0			479.0	0.0	0.0	caggtgcgag	ccctcgtggc	/home/norbert/mrdn/euglena/kod_i_pliki/surowe_pliki_plus_minus_500/raw_reads_9/fastas_after_mafft_na_probe/GRA_OG0030308.fasta	caggtgcgagccaccccagtgcagatgtggctttttcgaggaccaatgtcctggaatgtcctcggatgtttgctctgattctccgctgtaaaccccccaaataacccccccccccggggtattattttttcgcccgaagtcccggcccgaggggggtattatttggggggggtatattttccaaaatttcgaaatttttcgaagtcccgtaaaacccaaaatagcacccaaaacccccttggggtcattttttgcactttcttgtgaaatttaccattttatggaggtcagatgagccagaaaaattgattttttcgtaatttgttgtcagaaattgtaattttacctacattttcaggtcaaaaaatccgggcccggaacaaggggggggggtattatttcggcggaccgaagtcggaccccaaggggggggaattatttggggggttagcatagtgacggtttctatccctcgtggc
55	GRA_SL+_TRINITY_DN44436_c0_g1_i1	E4	0.0	1	96.67	60.0	0.0	0.0	cagctacatc	cttccgagtc	/home/norbert/mrdn/euglena/kod_i_pliki/surowe_pliki_plus_minus_500/raw_reads_9/fastas_after_mafft_na_probe/GRA_OG0030308.fasta	cagctacatcgagcagctctccagatcgtcatgacaacctgccagccccttccgagtc
56	GRA_SL+_TRINITY_DN44436_c0_g1_i1	I4	1.0			327.0	0.0	0.0	agtgtgcagt	tgtatttgca	/home/norbert/mrdn/euglena/kod_i_pliki/surowe_pliki_plus_minus_500/raw_reads_9/fastas_after_mafft_na_probe/GRA_OG0030308.fasta	agtgtgcagtgtaccttctgtgtgttttgtgtgatgtgtttctggggaatttttaagttatgatccaaaactctttcaggtcaatggttttccattctcaaataaaaagttattagaaactatagaaaaccatcagcacattcgttttctgtgtaatgcacaacaaaatgcattccatggatcacaataacctcctggctggtgtgaaggaaatattttattggcgtttgtttcttttcccaacagcacacattaataaacgacagtgagtcttgcctccagagcatgtatatttgttttcaatgtttataatgtgttgtatttgca
57	GRA_SL+_TRINITY_DN44436_c0_g1_i1	E5	0.0	1	97.62	42.0	0.0	0.0	ggctagtttt	tgaacgaaga	/home/norbert/mrdn/euglena/kod_i_pliki/surowe_pliki_plus_minus_500/raw_reads_9/fastas_after_mafft_na_probe/GRA_OG0030308.fasta	ggctagttttgagcgcgacactttagacgtgctgaacgaaga
58	GRA_SL+_TRINITY_DN44436_c0_g1_i1	I5	1.0			473.0	0.0	0.0	caggtgcgct	cgttggtttc	/home/norbert/mrdn/euglena/kod_i_pliki/surowe_pliki_plus_minus_500/raw_reads_9/fastas_after_mafft_na_probe/GRA_OG0030308.fasta	caggtgcgctgctcattttttcatcgagtctcaggttcatcgtccaagctttgaaaaaaaataaagcaatttgacctcctctgttgttgtgctggttttggttgatatttgaagtgcaagtgtggcacgactcagtggtctgaaaactgccgtttgtgaacgtactgtgcacaggggatttcagggggtccagctcaactccattaggagttgccctcaatggaacactccaaaatgaccaaataagtcatatgagtctggtcctgagcagagcccctaagtctagccccagcctgagcccccgccccccaaaggttggtagtggtgggtaccggatactcgcagaacgacactaaaaaaaataatcctcttttggagaagaatgaaggatgcattttaaatgcacagccctatttagtcctaggcccagtcccccctgtgtccagtgtgtgacatattccctcgttggtttc
59	GRA_SL+_TRINITY_DN44436_c0_g1_i1	E6	0.0	1	98.33	60.0	0.0	0.0	caggagagca	accgacgata	/home/norbert/mrdn/euglena/kod_i_pliki/surowe_pliki_plus_minus_500/raw_reads_9/fastas_after_mafft_na_probe/GRA_OG0030308.fasta	caggagagcaaatggcgatgatgcaggaaaaggcttgccggcggcaatgaaccgacgata
60	GRA_SL+_TRINITY_DN44436_c0_g1_i1	I6	1.0			280.0	0.0	0.0	gtgtgtcctt	tttttggcag	/home/norbert/mrdn/euglena/kod_i_pliki/surowe_pliki_plus_minus_500/raw_reads_9/fastas_after_mafft_na_probe/GRA_OG0030308.fasta	gtgtgtcctttcatgctgtccatcaatgctgaattcatgctgtgaattgctgggaactttttgtatttccagcatgtgcccatccaaaagtctggttgcctgtagaaaagttgccattgagtgtctttccaattaaggatcaaaaaaaaattttagtgttctttttcccccctgaaatcccaaaaaaatatgatttatgtcccatggatcctgcccaactagattgctgtagcccactgattgcaaagtctcacccagctaacttactgctttttggcag
61	GRA_SL+_TRINITY_DN44436_c0_g1_i1	E7	0.0	1	98.51	67.0	0.0	0.0	ccagttgatt	ggattccgtg	/home/norbert/mrdn/euglena/kod_i_pliki/surowe_pliki_plus_minus_500/raw_reads_9/fastas_after_mafft_na_probe/GRA_OG0030308.fasta	ccagttgattgtcacgtatgatgggcagaagcgactcccgctccgccaactgcgtggggattccgtg
62	GRA_SL+_TRINITY_DN44436_c0_g1_i1	I7	1.0			1591.0	0.0	0.0	ggtgtgcttt	ccttgcccca	/home/norbert/mrdn/euglena/kod_i_pliki/surowe_pliki_plus_minus_500/raw_reads_9/fastas_after_mafft_na_probe/GRA_OG0030308.fasta	ggtgtgctttgtcgtcacccgcagcaagtcaaactgccattggttgtggaatctcagtcgccacaagccctcccggacgcaagggttcatcacatccgaggcgttcatcagatttttccacgctccatggtactctatttccaaaacagggtcaattttcaccaaaattggacatccaccccatggtccccaaatggcaaattgcattgtactacatggttaaaacagtcatatcaggtccccagggccattttggggcgtttttgatgacatttttaggaatgacagaaccggcgtttgggacgccgagttttggacagaaccggcgtccctaacccttttttttttcggacagaaccgacgtccggaaaacccgtgggttctgtcgtgaacccggcgtcccaaacgccggtttagggttgagaacaaagtttgatataagatttcggccgttaaaactaaaacaggccgaaattcaaccaaaaatagctctaattttgtgtccaatttcggcccattgtctaaccatggtcctgatccaaatgataattgtaactctatcccaacacctaaacacaatagagttgaccaaaacgacgagaaactccaatcagggcaagtttaattagtgaacggcagctgggtgcctaactgcttttcaaaaacatctggggctcagtggtcaccaaaaaaatgaataaaaaacaaaaaaggttttttgggtggtttttggggtggttttttttttaaagccaacaaaaccaacaaaaaagcaccagctgtggtaccagacagggggggggtcttggacatcccccatccgatgtgccaaacttgtccacctaaaaattcaagaaattgttgcttttcgagaaaccttgccaacctgtcacaaatgatttcccaacgttcagaaaaaaaaggctgcgtggttcatcaccaggtgatctgggactaatatcatctggttttgcgaaatcaaagatcgttctggttgacaaacgtcaatatcgttcactcaaaagggctgtttcagacctttctgttttgtgaaacccaacaaaagatatccctgtttttccagggtttgttgttctaaaagatgtggcccaggtggcatttccccctccccctcattggacaaaaaaaggggctgcaccaaagctgtaacccaagccaccatgctctaaccgagttcagcaaccctgaattgaagcttcaattgcagcccagcccaaaatcatgcacataaagtgaggcacatgctccatgtgtggttggggtggggggggttgggatggttgggtgggggcagttcctgtgaaaagagaaatgacagtggggctgggatctcacatatgtgcccgcctgaaggttttcagacgtgctgcctggctccgtgcccacaacgcctattcctgagcaaaaacaagaagccactgagtcagatgtttttgctgcggcaagtgcaagaggctggcgggttctgggcacccagtggtggcaacaacaacacactgagaggcgcaagtaccatgtcggtggagccgccgacagcctgcttacgcatttccctgtcccccttgcccca
63	GRA_SL+_TRINITY_DN44436_c0_g1_i1	E8	0.0	1	100.0	40.0	0.0	0.0	ggcaagctgg	accgcggcca	/home/norbert/mrdn/euglena/kod_i_pliki/surowe_pliki_plus_minus_500/raw_reads_9/fastas_after_mafft_na_probe/GRA_OG0030308.fasta	ggcaagctggtgtgcatccaggggattgtcaccgcggcca
64	GRA_SL+_TRINITY_DN44436_c0_g1_i1	I8	1.0			372.0	0.0	0.0	caggtgtgga	cattattgtg	/home/norbert/mrdn/euglena/kod_i_pliki/surowe_pliki_plus_minus_500/raw_reads_9/fastas_after_mafft_na_probe/GRA_OG0030308.fasta	caggtgtggatgctctgttccttgaacctttggtcgcttggcccatgactggaatccgcctttacaccgataaggactgctttttgaccagatgaaccatagccaagcggcaagactttcaaaagcctaaaacgtttgcttgacagcaaagcattgggtcgggtccgggatgatgacaagataatgatcaggataatgattttgagtgtccggacatgttaactgcacatatttgtgcatggtccatcatatatgttgcttgtgccgtgtcatgcattttgggattgataagcttggcttatgactgcattttttaacaatgtgcattcgtccgcaagtcaagctttcatttgtttcctgcccattattgtg
65	GRA_SL+_TRINITY_DN44436_c0_g1_i1	E9	0.0	1	98.55	69.0	0.0	0.0	cagcggtgaa	atatatcaag	/home/norbert/mrdn/euglena/kod_i_pliki/surowe_pliki_plus_minus_500/raw_reads_9/fastas_after_mafft_na_probe/GRA_OG0030308.fasta	cagcggtgaagccaaagattcaatttgctgcatacatatgtgagcaatgtgggcatgaaatatatcaag
66	GRA_SL+_TRINITY_DN44436_c0_g1_i1	I9	1.0			1275.0	0.0	0.0	aggtgtgtgt	cccgtccccc	/home/norbert/mrdn/euglena/kod_i_pliki/surowe_pliki_plus_minus_500/raw_reads_9/fastas_after_mafft_na_probe/GRA_OG0030308.fasta	aggtgtgtgtgtgtgtgtgtgtgtgtgtgtgtgtgtgtgtgtggtgtgggtcacacacacaaaaacacacacatgtgcagattggtttgtgtgcgtgcgtgcacatgtgtgtgtgtgtgtgtgtgtgtgtgtgtgtgtgtgctggacgaatggggtttatatcgccttttatttcccagagaatcaggattttgcataattacaattgaacattggtcacattcaaaaataggtcaatttctggttagctttccggcagcctctgttccctcttcatttttgcaatgctgatgctcattttttgttcttttataaaaaaacagacaaaccaactggaaggatcccatttcaccgcctggattgtggttctctttgcccaggtgatgcttgtttttcgtgtctaacggtgtgtctgagtaaatcaccatttgaaacacagaaaggtgcgcatcctcaactgatttttgcgattcaaaatgcacgaacacaggctggatactccacctttgctgcttcaaatgccacttcggccgatttcgaaccgagctttggtctgtgtgcgcattttttctcatctcgaaaatttggttttggcaccagttacaagaacattgagtaagagggatcacatttgggcaaggtccgagcgaattatcatttttggccctgtcactccggtattttggccgattttgctgtttgttttaggtgcacaaaccggccagacaggcagttttcacgtttgcacaaaccaaccacttggacaattttacaagcacaccaatttcagcttgcacacatggcccttttcacatttgcacaaatcgttgttgtgcgcatttgctcctgcttccatttttgggttttggggggtcagctctcattttcaaaaaaaaaaacgtcaatgtgtgaaaacgccctcatcgacaaagcaaaaaggataaatgggagatcggctgcttaagtgccaagttttaagtcgctgtgtgtataaggtttaaatctgaaggaacgcggtggagtttctccaagggttgcatttgggggggggggcgaggtcattatttggcaaagaaaagggaaacatatttcccctttggaatggaaacagttggattaccttgtgctgctccatgccgtgtacgagcaccaggcaaggggccttcctgatgacgtcgcctgtccatcccccatccccccgccaaccccaggcagccagaccaacgggggttttccacccctcttcctgccgcctcggcaatggccccgtccccc
67	GRA_SL+_TRINITY_DN44436_c0_g1_i1	E10	0.0	1	100.0	75.0	0.0	0.0	aggtcaaggg	aacttcgggc	/home/norbert/mrdn/euglena/kod_i_pliki/surowe_pliki_plus_minus_500/raw_reads_9/fastas_after_mafft_na_probe/GRA_OG0030308.fasta	aggtcaagggcgacgcctacacccccgagctgtcttgcagctccgagcggtgcaaggccagccaaaacttcgggc
68	GRA_SL+_TRINITY_DN44436_c0_g1_i1	I10	1.0			197.0	0.0	0.0	ggtgtgcccc	ctcccctgca	/home/norbert/mrdn/euglena/kod_i_pliki/surowe_pliki_plus_minus_500/raw_reads_9/fastas_after_mafft_na_probe/GRA_OG0030308.fasta	ggtgtgccccccgcctcttgccttgtgtgttgggcacgtggacagagacacgatgccagcttgactggggttgctgtggcagaaaaggaccaatagtattcctcctcgtggagtccaacgtgattgcagccgccgacagtgctgagacgcgtggggaacatccaccccgcatttttgtgccccccccctcccctgca
69	GRA_SL+_TRINITY_DN44436_c0_g1_i1	E11	0.0	1	100.0	64.0	0.0	0.0	ggctgttttt	tacaggagct	/home/norbert/mrdn/euglena/kod_i_pliki/surowe_pliki_plus_minus_500/raw_reads_9/fastas_after_mafft_na_probe/GRA_OG0030308.fasta	ggctgtttttccagccacgcggcagcaagttcaccaagttccaggagctgcgtgtacaggagct
70	GRA_SL+_TRINITY_DN44436_c0_g1_i1	I11	1.0			550.0	0.0	0.0	ggtattcgaa	gtttcccaca	/home/norbert/mrdn/euglena/kod_i_pliki/surowe_pliki_plus_minus_500/raw_reads_9/fastas_after_mafft_na_probe/GRA_OG0030308.fasta	ggtattcgaagttggatttctggccgagagtgtttctgatttctttgcaaggaagggatttctttcttgtcgtgtgtgtgtgtgtgtgtgtgtgtgtgtgtgtgtgtgtcgtgtgtcgtgtgtcgtgtgtgtgtgctggtggaattgcttgaaatgggaatgacaggttttgtggtgcattttcccccctcctgtaaactgttgtggtcaaatcccccaaaaattttattttcttaccacacagtcatttagtcactggccgacccctgagagggattgagtgatcctgaaacccctcttcccgagggggggggagacaaaaagaaccactgaagtgacccggcaccgaaggcgaaggccgaagacgctggggattttttttttggccattttccatgtttgtggtcgaaattttccctttggattccagcgtggccgactccctcccccccctgggggggggtagtgactgacttgattgactggtctttagatgagttgaagtgacccccccctccatgggtcggtaaggaattatacgtttcccaca
71	GRA_SL+_TRINITY_DN44436_c0_g1_i1	E12	0.0	1	100.0	42.0	0.0	0.0	gcccgaggag	ggtcattgaa	/home/norbert/mrdn/euglena/kod_i_pliki/surowe_pliki_plus_minus_500/raw_reads_9/fastas_after_mafft_na_probe/GRA_OG0030308.fasta	gcccgaggaggtgccgaaggggtccataccgcggtcattgaa
72	GRA_SL+_TRINITY_DN44436_c0_g1_i1	I12	1.0			140.0	0.0	0.0	aggtgtggag	tccgcgccgc	/home/norbert/mrdn/euglena/kod_i_pliki/surowe_pliki_plus_minus_500/raw_reads_9/fastas_after_mafft_na_probe/GRA_OG0030308.fasta	aggtgtggagccccgcggcggccgaactggacccgttgggccgtgtgctgtcgcgcgtcgatgtgtgcaggaggggctgaggacgaccatggcatgtgccacggtggttggatgcccgcggccgccgcattccgcgccgc
73	GRA_SL+_TRINITY_DN44436_c0_g1_i1	E13	0.0	1	100.0	63.0	0.0	0.0	agtcatcgcg	acgtcacggg	/home/norbert/mrdn/euglena/kod_i_pliki/surowe_pliki_plus_minus_500/raw_reads_9/fastas_after_mafft_na_probe/GRA_OG0030308.fasta	agtcatcgcggaggagggcgcgtcctcgcagggcacgccaggggacatcatcaacgtcacggg
74	GRA_SL+_TRINITY_DN44436_c0_g1_i1	I13	1.0			310.0	0.0	0.0	ggtgtggggc	ctcaaccgta	/home/norbert/mrdn/euglena/kod_i_pliki/surowe_pliki_plus_minus_500/raw_reads_9/fastas_after_mafft_na_probe/GRA_OG0030308.fasta	ggtgtggggctcgcccccccccctcctctctcagttcccttctctgcctcggctccaggctcgaggcaggaacccaaacgaggcctacctgcctcgttggctagctgagctgtgggtgttgtgagcgttagcttccgctgaggtttcaatgtacccccatgctctcggacttgggtggcattcatgtggatgatgagtgtggctttgggggatgtcattttgagtgggttgagcggcggtttttattccagagtcttggatgtcctcccatctttccatcttcgagatgctccattgcccctcaaccgta
75	GRA_SL+_TRINITY_DN44436_c0_g1_i1	E14	0.0	1	99.05	105.0	0.0	0.0	ggtgtatctc	agaagtcata	/home/norbert/mrdn/euglena/kod_i_pliki/surowe_pliki_plus_minus_500/raw_reads_9/fastas_after_mafft_na_probe/GRA_OG0030308.fasta	ggtgtatctccccgagtcggcccaggggttcaaggcactgatggccagcaccgtaaccaacgttttcttctacgctctaaggatcgagcagaacaagaagtcata
76	GRA_SL+_TRINITY_DN44436_c0_g1_i1	I14	1.0			648.0	0.0	0.0	tgcaggtcgc	ctcttgcgcc	/home/norbert/mrdn/euglena/kod_i_pliki/surowe_pliki_plus_minus_500/raw_reads_9/fastas_after_mafft_na_probe/GRA_OG0030308.fasta	tgcaggtcgccatcacctcttttttggtggcgtgtttgtgtgtgtgtgtgtgtgtgttgctttaaatctatctcgcaaattttacaattttaaaactgcaaatgaatggggttttccgctatttcaaacatataatcctgtggtccccagattctagccatacatcccttttaaggttttgcagacccccccccccccggaggtgctgcagccagcctcaattttgccccaggctagtccaacgaacaccccaggggggtgctagccctgctagcccctctttttcctgggtccagcccaaaaactggaaacaatgttcaaagatggcccaaaatggtgtttgggtttttttgggggggggttcagatgctctttttttcttcttttcaaaactgtgttttgaaggtcatttgggggggggggcaattgtccaatttcagcccagcccagctcagcccaggtccagccgtggtccagcccccaccggggaggaagggggggggggggcgggctagccaacccaaatttctcgccagcccgaattcccagtaatcccgccagggtccttaaagagatatacgatggtagctgtttcttttagttgtttttttttcgaagggtcaccatttgagaccctcctcttgcgcc
77	GRA_SL+_TRINITY_DN44436_c0_g1_i1	E15	0.0	1	98.44	128.0	0.0	0.0	tgcagagtac	gacgtcaaga	/home/norbert/mrdn/euglena/kod_i_pliki/surowe_pliki_plus_minus_500/raw_reads_9/fastas_after_mafft_na_probe/GRA_OG0030308.fasta	tgcagagtacacggcgtcccggaagctgcaggaggaggtggaggcgctgtacgccagcggcgagcgggtgtacgaccgcctgagccagagcatcgcccccgagatctggggccactccgacgtcaaga
78	GRA_SL+_TRINITY_DN44436_c0_g1_i1	I15	1.0			685.0	0.0	0.0	aggtgtggct	ctgcttgctt	/home/norbert/mrdn/euglena/kod_i_pliki/surowe_pliki_plus_minus_500/raw_reads_9/fastas_after_mafft_na_probe/GRA_OG0030308.fasta	aggtgtggctgaggagtgggtgtgatgacgtgcagcggggccacaggggtcagtccgcatcgcgggtttcgccccaaactggctgggcgggtctcatccacgcgcgaggacatcttgccagccctcgtccctggctgttgtcatgtgttgatgcagaccgttaagaacgagctctgtgtcgctctccttgggggggggggatgaaagataagccctaataacaatccacgcacgggtgccctacccctgctttaatttggggggggggcagtccctccctcaattaaagctcacacccaaatgaagaccgccgcttccgatggcagggaggtgtccctgtctctctaatgctgctgctgttgttgttgttgtttatcagaatgttgatatgcgtgtcgtgggccacccccttcgtctgtcatttggattctacgcatgcagcgggcccacacttctttgggcgcgggggggggggagagaggttccagaacggcaccctgcacggaaagctgggtgaggcctggattgattaatctcaaaaaaaagtttggtcccgtctcttcagatgtttgcacgggcgtgctcacacccacacccacgtgaacaccccaaaacctggcagatatacacacaggggctcttctcttctcctcttttatcattttgtgtctgttcctgcttgctt
79	GRA_SL+_TRINITY_DN44436_c0_g1_i1	E16	0.0	1	100.0	61.0	0.0	0.0	aggtgctgtt	tcaatattcg	/home/norbert/mrdn/euglena/kod_i_pliki/surowe_pliki_plus_minus_500/raw_reads_9/fastas_after_mafft_na_probe/GRA_OG0030308.fasta	aggtgctgttgttgcagcttgttggcgctggagcgaagtcattgtcagatgtcaatattcg
80	GRA_SL+_TRINITY_DN44436_c0_g1_i1	I16	1.0			889.0	0.0	0.0	aggtgtagca	cgtcgggcgc	/home/norbert/mrdn/euglena/kod_i_pliki/surowe_pliki_plus_minus_500/raw_reads_9/fastas_after_mafft_na_probe/GRA_OG0030308.fasta	aggtgtagcatccggcccggtgtaggtcaccagttggctgtagatgtgaacgtaaagcgcgtgagacagccattcttcctttcgatatattcttgcagaacaatgaattgacgtccaggtttgaaagaatccaaaacttggacttggacctgaacccccccccgggggtgcctgcctgggcaggcacttatccacccttccacatttttatcagtaaattttcccttgataaactgaaaataaaatgaaaattttaatttgatgttttcttgttccaaagcattttagtgcaaaaactgataaagtttttcatttttttatgctagagcacgacacttgctgtattgtggacaggaaaaagaaatctgctaggttgggggagtggtaaaagtaaatggtgactgtgagccacctgctaactgttgtgtagtcgtcgaaagagtcaaagagcaaccggatctgaagtgcacggcacagctgaaatgtgtaacagcgctttgggggggttcggccctctttccaagaccggtcaaagcttgatgtggaccaccgttgattgtttcgaggagaggggttacggggggtgactgactggttttttcagagtgactgactggttttttggccaagagccagaggtggggtaggccccccccctcccccggggggtggggtaggcccgaaaatgaaaaagtggctgacccggcgccgaaggcgccggaaatttttgggattttttcagattttttgtctaattttcattgctttttgaagagtggccgatcctcccctggggggagtaaagtgactgactggttttttcagagtggagtgaccccccctcccccccccccgggggggtcgctaagcaatggtatgcgtcgggcgc
81	GRA_SL+_TRINITY_DN44436_c0_g1_i1	E17	0.0	1	100.0	172.0	0.0	0.0	aggggacatc	ggccctcctc	/home/norbert/mrdn/euglena/kod_i_pliki/surowe_pliki_plus_minus_500/raw_reads_9/fastas_after_mafft_na_probe/GRA_OG0030308.fasta	aggggacatcaacgtctgcctgatgggggaccccggcgtcgccaagagccaaatgctgaagtgggtggccacgctggcgccgcgcgcggtgtacacgacgggcaagggcagcagcggcgtcgggctgactgccgcggtgacaaaggaccagtacacgggggaggccctcctc
82	GRA_SL+_TRINITY_DN44436_c0_g1_i1	I17	1.0			379.0	0.0	0.0	ggtgggcccc	tgccgacgca	/home/norbert/mrdn/euglena/kod_i_pliki/surowe_pliki_plus_minus_500/raw_reads_9/fastas_after_mafft_na_probe/GRA_OG0030308.fasta	ggtgggcccctgccccccttgacggtcgcagccgccttcgccgatggtgcctaattttttcctgcgcttcctcccccaaagaaactggagcccacctcaactgtcaattgtcaggggtggtttggggatacagcaggtgggggcaaaggggggtccgaaaggcagggttggatttctcctctgacagggaaatttgtccagtctattaccagtcatttggagatggattttgaggaggcttgcatattggcttggtggtttgggattggtggctggttggacattggcagacaaatttttacccgattttgttcgtaatatcatatcaagggcatcttgtggatacgtccatctgtggctctttttttttgccgacgca
83	GRA_SL+_TRINITY_DN44436_c0_g1_i1	E18	0.0	1	100.0	67.0	0.0	0.0	gaggccggag	aagatggaag	/home/norbert/mrdn/euglena/kod_i_pliki/surowe_pliki_plus_minus_500/raw_reads_9/fastas_after_mafft_na_probe/GRA_OG0030308.fasta	gaggccggagcactggttctggcagacaatggcatttgctgcatcgacgagttcgataagatggaag
84	GRA_SL+_TRINITY_DN44436_c0_g1_i1	I18	1.0			98.0	0.0	0.0	aggtgtgccc	tgtgtcgggc	/home/norbert/mrdn/euglena/kod_i_pliki/surowe_pliki_plus_minus_500/raw_reads_9/fastas_after_mafft_na_probe/GRA_OG0030308.fasta	aggtgtgccctggcagctgtcctgtgttggcggtactgttggcacaaccttcgtctgcgcctccttgcgacgatgaggtcccccgttctgtgtcgggc
85	GRA_SL+_TRINITY_DN44436_c0_g1_i1	E19	0.0	1	100.0	57.0	0.0	0.0	agacggaccg	tccatcgcga	/home/norbert/mrdn/euglena/kod_i_pliki/surowe_pliki_plus_minus_500/raw_reads_9/fastas_after_mafft_na_probe/GRA_OG0030308.fasta	agacggaccggacctccatccacgaggtgatggagcagcagacggtgtccatcgcga
86	GRA_SL+_TRINITY_DN44436_c0_g1_i1	I19	1.0			1275.0	0.0	0.0	aggtgtggcg	actgttgctc	/home/norbert/mrdn/euglena/kod_i_pliki/surowe_pliki_plus_minus_500/raw_reads_9/fastas_after_mafft_na_probe/GRA_OG0030308.fasta	aggtgtggcgctccctctgtcgtctgtccttggcgccactggcaaacatgtgtgtggctctttttttttctgtcttggccaaatgatgtaccgtttttgctttaccggattctgccctgtgatgatgctctcccactgaccatatgaactcaccttgggctgtcggctcgcattctagctggttgtggaagcctgaccaacaaacctcaatccctcgaaaataatacctcttgttgctgttggagaaaaggtcgatttccgggaaccagaagaaccctaagaaattgccaccaggtgttcggtccaagttcaagcaccctttagcatggatgaaacctgaattccaaaaaaaccaacttttttttgggcagctgaagcccaaagtcaatgagcaatggtttggtgtattataatttgcaacgtgtcccaaattgtaatgtgtctaaggatagaacctaaaggatctaaaggcagaagctaaaacaccaaatcaaaaacgtgaagaaggaaagtcactggaacagtctgttgcttaagggttcgcagtacccccctggggggcactgcaaaccctgatactcagcacacagcaaactgggccagaagcgaagtgagcgccggccacaaacagacaagaagccttaatgcaattaaggggggtgggtgctggactgcagctagttcaaatttggctagcggaaatcctggtggaccccccccccggtctgctaacatggctagctggtggaaaagctttttccagtggacgaaaaaatcttggaccccaaaattagccaaaaatgtccattttttcccttttttgggattttttttaggaacaaaattagccaaaacatgaattaaaacctcatttccacctgggcgtgcagcgccggaggaattatttttttctggttgggaggaccctggaccccccccccccggggtccttatacgtgcgcatgcagtgtgtgggtgtgtgtgtgtgggtgtgtagacgtgtcgcgcatatacaaacacgtacacacacacacacacacacacaagcatgcagacacacacacacgcatgcacgcacacttgcatgcacgcacgcatgctcgcacgcacacacacaaacccactcacccttgcacacacacacccacccatcaaacaaacactcatgcgcataaacacatttgcaagcacacacgcacacacacatatggacgcgcgcgcgcgcacacacacacacacacacaattccaacgcgctcacaagccactgttgctc
87	GRA_SL+_TRINITY_DN44436_c0_g1_i1	E20	0.0	1	100.0	129.0	0.0	0.0	aggcgggtat	ttgctctccc	/home/norbert/mrdn/euglena/kod_i_pliki/surowe_pliki_plus_minus_500/raw_reads_9/fastas_after_mafft_na_probe/GRA_OG0030308.fasta	aggcgggtatcgttacgtctctaaatgcccgggtctcggttctagcggcgagcaacccgctgttcggttcatggaacaagcgaaagactgtgcaggagaacatcaacttgcccacctccttgctctccc
88	GRA_SL+_TRINITY_DN44436_c0_g1_i1	I20	1.0			1204.0	0.0	0.0	ggcatgtccc	tttccctgca	/home/norbert/mrdn/euglena/kod_i_pliki/surowe_pliki_plus_minus_500/raw_reads_9/fastas_after_mafft_na_probe/GRA_OG0030308.fasta	ggcatgtccctatcatggcccatcccaggaggaattggtttttgagctccagtccaaaggggctgggttttgttaatttcaaaatctatgggtaggtaggaatcacatgggtcaagggcaggggtattttttagttgtgaaccccaggggggagggtggatgggtcctggctgagcccccccccccgggggggaccccggaggggggtggggttatacttttcggcgccgaagatgccgaaatttttttgaaaaggtgctatttttggcatttttcgcgatttttggccattttcggggaaaattgagtgggtccccccagacccccccccgggggggcctgggggtgggtggggaggacccccggccttaaaaaaaaaaacctttggtcaagggggagatgacggtcgggtggaatggcacaggcggaatcatgacacaaatcatcacagtctcccccgagttgcaagtgataaactgattcataactcatgaacatagttcatggtttttaggaaagcaaatgaccagcacctatagctggaatgacctaaaatggcctaaaatgtctgaaatggcctaaagtggcctaaagttcgaaaaattttgtgctgaagaaaagtttgggctgaagaaatatatttttaatcacatcattgcacacgtcatctgtgtagcttgcaacagagctccttctaactagcatttattgttaaatgccaaaatgatttttgtttgatgtctaacaaaaggaaatttgttttctgaagtggcgaaattggccgaaaatggtttgaatggtcgaatgtattccaacctgaaaatgggtgaaattgtgcgctaacaagaagagagagcaggaggaggaggaggaggaggaggaggaggaggaggaggaggaggaggaggaggaggaggaggaggaggataacaatagcaatgctgctgctgctgctgatggtgataagaataccaataagaaaaagaagaagatttgtttctagaatgggtcagaaaaagaggcgaacgataaggaagtattgcaagccaaactggccctctctgggtccaacagagctccttttaaccaaccagagaccagagacccaggaggggtggagcgagacagacagggggaggggcggacggggcttcagcacccggaggggaacgcactggacgagcctgcttttggtttccctgca
89	GRA_SL+_TRINITY_DN44436_c0_g1_i1	E21	0.0	1	100.0	51.0	0.0	0.0	ggttcgacat	gacagtgacc	/home/norbert/mrdn/euglena/kod_i_pliki/surowe_pliki_plus_minus_500/raw_reads_9/fastas_after_mafft_na_probe/GRA_OG0030308.fasta	ggttcgacatcctgtggctgctcctggatgagcctgacgcggacagtgacc
90	GRA_SL+_TRINITY_DN44436_c0_g1_i1	I21	1.0			660.0	0.0	0.0	ggtgcgcttg	cccttccaca	/home/norbert/mrdn/euglena/kod_i_pliki/surowe_pliki_plus_minus_500/raw_reads_9/fastas_after_mafft_na_probe/GRA_OG0030308.fasta	ggtgcgcttggcctcctcttttggtgttttttttggaggtgcgcccaaccagcactttcccccaggcagccacctctcgagaaccttgagattaccctgggggggtccaaggcttggaccccccagggatagaggggacgcccgtcggtattgaggtaggtggcagtgggggtcctgacccccatacggtgtgggggtccagaccccccccctagacgttgggggtccagaccccccccctgcttcgcaggatccaagaataccgaaaaaaattttattctggagagttgctgtgcaccggaaaatgaacaaaaatgctcttttccctcattttcaacattttttcactttttttggtgttttgatgttttccacgtgggttttgttccgtgggtgtgtacatgtttccacataggctcaaaaaagttcaaaaaatgagcattttctgatttattttcaaaaaaatcagggattttttcaatatttttgggctagtatttggccttttgcctgtccacaactccgaaagtttttccggccggcccccttcagcttcgaggtaggaggggggggggtccgacctaccccttccatcgtggcatggcgggaggggaccggaccccccctcaagacttcccattcatccgtgccccttccaca
91	GRA_SL+_TRINITY_DN44436_c0_g1_i1	E22	0.0	1	99.01	101.0	0.0	0.0	ggaccctggc	caacctactg	/home/norbert/mrdn/euglena/kod_i_pliki/surowe_pliki_plus_minus_500/raw_reads_9/fastas_after_mafft_na_probe/GRA_OG0030308.fasta	ggaccctggcgaactttgttgccaagaatcacctcatcacacaggactccgacctgcgcgccagccgggaggagcgccacatcgttgacatcaacctactg
92	GRA_SL+_TRINITY_DN44436_c0_g1_i1	I22	1.0			563.0	0.0	0.0	aggtttgtgt	acccatcccc	/home/norbert/mrdn/euglena/kod_i_pliki/surowe_pliki_plus_minus_500/raw_reads_9/fastas_after_mafft_na_probe/GRA_OG0030308.fasta	aggtttgtgttggcgcctgtgaccgtcgtggggtgcccccacccacgtaaaggtcacggaatgcctctcgcgaaagtcacgcaaaggtcagccagggaaggtgtctggcagggaaagaaattgatatctacgttttcccgcaattttttttcgcaatttccaccataaaaaggagctttattagattctgtgcaactgatttgcaccacacattcttttgtggctctgtagctttaacgcgatctaggagacccctagatcacattaaactgatttgcaaattgaatgtatccatatttatcacaaaaaaagtctttttttgtgatttaaaaatgcccagttttggtttgcaatgtgtgtgtgagcgtcaacaagtattaaaaattgcaaatgcttctgtcttgtcttgtccaatgcaaatttttgaaagtccactcttttgatttttgatatcaattccctcaattttcctgaaggcgaccgatatcaaacccccccgggttctggacggtaggcccaacgaaacccctccagcgtttcccagcatcgggaaacccatcccc
93	GRA_SL+_TRINITY_DN44436_c0_g1_i1	E23	0.0	1	97.94	97.0	0.0	0.0	agagccatga	cgggcggcca	/home/norbert/mrdn/euglena/kod_i_pliki/surowe_pliki_plus_minus_500/raw_reads_9/fastas_after_mafft_na_probe/GRA_OG0030308.fasta	agagccatgattgggcaggcgaaggagtattgcccagcggtgccgagggccctcggcgggctgatcgcccggaagtatgtcgagatgcgggcggcca
94	GRA_SL+_TRINITY_DN44436_c0_g1_i1	I23	1.0			654.0	0.0	0.0	aggtgcgcat	ccacgcccac	/home/norbert/mrdn/euglena/kod_i_pliki/surowe_pliki_plus_minus_500/raw_reads_9/fastas_after_mafft_na_probe/GRA_OG0030308.fasta	aggtgcgcatgttgtccgctgtttgtcccaaggatggtacggcgctgttatgtgcagtgacatgccaggcaggcgggcggtcagggttggtggcgtggcctgccgacaccagccacccgccccatgtctggaaaggctggttgtgtttcggcagccactggatcgtttggatggcatggcacactgtcacctcagctgctgccccaccaaactttccagccacagtgaccgaacagatgcatcgtctccgggaatagtccgcttcctcagccagaccggcaaattgattctcatccctcaaagtggctatttcccaaacgctacagtgcaaacaaggttcggatacccgggtggcagcgcgctttcttcggtgtctctttatgtcctgtgttgctttcaatagctcaccttcaatttattttccgaccatttttgtgttcactaactatagccagaaaagagtgcagttggaatgcaccaagtatttcagcagataccattgtgtgtcagtggtcatcgattcatcggtcccccacacacattccgcaaatgccccccccctctcccctccctgctgctgtccccttttccattcaccacctcattccgtcccacatttttctctgttctccccccccctcaccccacgcccac
95	GRA_SL+_TRINITY_DN44436_c0_g1_i1	E24	0.0	1	100.0	80.0	0.0	0.0	aggacgacca	ccaggcccat	/home/norbert/mrdn/euglena/kod_i_pliki/surowe_pliki_plus_minus_500/raw_reads_9/fastas_after_mafft_na_probe/GRA_OG0030308.fasta	aggacgaccagatcgccgacgccaccacgtgggtcaccccccggacgctgctcagcatcctccgcctgtcccaggcccat
96	GRA_SL+_TRINITY_DN44436_c0_g1_i1	I24	1.0			1104.0	0.0	0.0	gtgtgttggg	tcccttccag	/home/norbert/mrdn/euglena/kod_i_pliki/surowe_pliki_plus_minus_500/raw_reads_9/fastas_after_mafft_na_probe/GRA_OG0030308.fasta	gtgtgttgggcggtgttggagttggctttttgttgcgttgcggcaggacgaaggaacggtctgtcatttatcgatggttggctaattacgcctttgcatgacagtgtcgaatgatgtcagcccaaagggagttctgtgaattgcaatcttgtattgcaaagccagaataagcgtctaccaattcgcaccacagtccattttcccctcttgcaaactcacccacccatccacccacacgcgcgcgcacacgcatttgtgtgtgcacttgtgttgtgtgtttgggtgtgtgtgtgtctgtctgtctgtctgcctgtgcacactgctcagggatcgcggtaccctggggtggggggctcgactgctagcagggctagctagtggaaattttcccagtgaccggcgcaaagcgccaaaaacttgtcaaaatgtccatctttggacgttttttgagattttttgggaacaaaatcatccccgagtcggaaaaaaatgcgcaccaaggtggaaatgacgtttttcatgtgtttatttgggaaccccagacccccggggaggggggtcaagctagtggcgttttcccagtgtccagcaaaatggttagccagtggatccccagggtctttaagcaaaagaccctggtgtgtgtgtgtgtgtgtgtgcctggcacacacacacacacacacacacacacacacacacacacacaacacacgcacacaacacacacacaacacacacacatacaccacaaagaaaacacagcagaaattaaaaaaaaaattttagaacacccccaggcgcttgccctaatttgcatggtagcacccccccgttttgatgctcttggtgtttttttttttgctccaaatgcaattttgcaccaaaggcccgattgatcgattggtttggctcaggtcatcccgggggggggggtcggcacgtatgcatccatgggcactaagcgtcttttgagcagtttgttctgtgctttggcgtggcatctttgtgtttccaaagatttccaacggtttccgagcgacgaaaccaaaattctgcggagatgctttcattttccgcattgagctgcggtcacctcccttccag
97	GRA_SL+_TRINITY_DN44436_c0_g1_i1	E25	0.0	1	100.0	48.0	0.0	0.0	gcacggctcc	cgtcgaagag	/home/norbert/mrdn/euglena/kod_i_pliki/surowe_pliki_plus_minus_500/raw_reads_9/fastas_after_mafft_na_probe/GRA_OG0030308.fasta	gcacggctccggcggtccaattccatcaacgaggaggacgtcgaagag
98	GRA_SL+_TRINITY_DN44436_c0_g1_i1	I25	1.0			280.0	0.0	0.0	gcaggtcccg	cattcgcttc	/home/norbert/mrdn/euglena/kod_i_pliki/surowe_pliki_plus_minus_500/raw_reads_9/fastas_after_mafft_na_probe/GRA_OG0030308.fasta	gcaggtcccgccccgccgcaactcctcccatcgctgccatccttctcccagtcctagaaatccgccatttgttcggccgcagccgcccgaaaagttcagccaaggctttcaaacaaatagctgaatagcagtcatgtcctgtcccgccacgaagccagcagggaacgtttcgcattcgttgagtcttaccgtttcccccggggagcagcgtttgcccgtccatttgtcacgcccccatggcatgtgagaagcggcagccaagaacccccacattcgcttc
99	GRA_SL+_TRINITY_DN44436_c0_g1_i1	E26	0.0	1	100.0	70.0	0.0	0.0	gcagagcggc	caggactccc	/home/norbert/mrdn/euglena/kod_i_pliki/surowe_pliki_plus_minus_500/raw_reads_9/fastas_after_mafft_na_probe/GRA_OG0030308.fasta	gcagagcggctgatgaagcagtccaagcgcagcctgattgacgcccaggagaacgccgcccaggactccc
100	GRA_SL+_TRINITY_DN44436_c0_g1_i1	I26	1.0			466.0	0.0	0.0	ggtccgtccc	cccctcggca	/home/norbert/mrdn/euglena/kod_i_pliki/surowe_pliki_plus_minus_500/raw_reads_9/fastas_after_mafft_na_probe/GRA_OG0030308.fasta	ggtccgtccccgcctcgtcccaccacccttgcccccccccccagccccgaaggtcgtcccccagcagaggttgctgctggggcacaggcagggcatgtgggagttctcagttaggcgagccctccgatgttgtgaggcacacacctgtgcagaggtcggaactgtctgggttggctgggcggcagctgtgtgtccaaaacaacatggacccctttctgggaggccggaggtcggtggcaggtagggtagggcggcgggctggtgttgttgggcaccctttcccctgaactgataacccccccctgggggttccgaaaaaacggggacccaaggtggaccccaaattgaatgcggcgccaaaggtttgtggggtggattggtggatgggggggtcaagaagctgtgctgtgtggcagctgcgctttgctctccagcccgcccccccccccaaccccccccctcggca
101	GRA_SL+_TRINITY_DN44436_c0_g1_i1	E27	0.0	1	98.78	82.0	0.0	0.0	ggtttcgcgg	acagcgtcaa	/home/norbert/mrdn/euglena/kod_i_pliki/surowe_pliki_plus_minus_500/raw_reads_9/fastas_after_mafft_na_probe/GRA_OG0030308.fasta	ggtttcgcggcggggacttctccgcccggatcttcgcgatcatcctggagcagcgggacaagaccggcagcgacagcgtcaa
102	GRA_SL+_TRINITY_DN44436_c0_g1_i1	I27	1.0			195.0	0.0	0.0	gtgtgcgtcg	gccctcccag	/home/norbert/mrdn/euglena/kod_i_pliki/surowe_pliki_plus_minus_500/raw_reads_9/fastas_after_mafft_na_probe/GRA_OG0030308.fasta	gtgtgcgtcgggttcggggcttgccacacgtcccctctctcccattcctcgctggtactggctggctcggcacactggggctgcgcttgggggtccccaaacaggtcgcatgtcgggcccatggctcagcagaggcgcccttttgctgcctgcaaccggcagccaccgaaaggctgggtggcctcgccctcccag
103	GRA_SL+_TRINITY_DN44436_c0_g1_i1	E28	0.0	1	100.0	96.0	0.0	0.0	gctggacgcg	acgtctgggc	/home/norbert/mrdn/euglena/kod_i_pliki/surowe_pliki_plus_minus_500/raw_reads_9/fastas_after_mafft_na_probe/GRA_OG0030308.fasta	gctggacgcggtgcgacagcagctcaaggtgcgggggttccgggaggagcagctgcggcagacgctggacgagtacgacaagtgccacgtctgggc
104	GRA_SL+_TRINITY_DN44436_c0_g1_i1	I28	1.0			388.0	0.0	0.0	ggtgtgggtc	gtctccgaaa	/home/norbert/mrdn/euglena/kod_i_pliki/surowe_pliki_plus_minus_500/raw_reads_9/fastas_after_mafft_na_probe/GRA_OG0030308.fasta	ggtgtgggtccttccccttccccctatccttttttgggtgtaccggtcccccctcctggatcgaagcgaagcatggaggagaggcagacatgcttttggccagaagatcttcaacgccataaagcacaattccaagacaaatggttaaatgttcaggttcaaatgcagagttccgtttttttttttaatcaactgttcacgataaaaccttttttcttcttcctgtatccccctactgaacaacattgtggtggttgatcttgatcttcctcttctcccgcatccgtaatttgtctctgtcaacgcgatgcggacgtcatccatttttcacagaatgataaatgtgttgtgaaaatcgtcgtgttattttctgtgtctgtctccgaaa
105	GRA_SL+_TRINITY_DN44436_c0_g1_i1	E29	0.0	1	99.38	321.0	0.0	0.0	ggtggcccac	aagcagagca	/home/norbert/mrdn/euglena/kod_i_pliki/surowe_pliki_plus_minus_500/raw_reads_9/fastas_after_mafft_na_probe/GRA_OG0030308.fasta	ggtggcccacgactactccgaggtgcggttctacacctaacagcccggggcggcaggtggtgctctctgtgcggacctccccatccccaacccactccgccatcagtcgccactctgccccgacactgcccgtgtctcccgcttcccccccccacccccctcacatggaggtcccacccacatcggccgcttctcagcggcttcccctccccttccaccaccgttcaaacctacaccctggctgccacactgcccggtggaaatcgactctgaatggcttgccttcgaaccctgcggcagccagcagaacaaagcagagca
106	HIE_SL_TRINITY_DN48344_c2_g1_i8	E1	0.0	1	97.78	90.0	0.0	0.0	ttcttctcgg	tctgctgcaa	/home/norbert/mrdn/euglena/kod_i_pliki/surowe_pliki_plus_minus_500/raw_reads_9/fastas_after_mafft_na_probe/HIE_OG0030309.fasta	atcttctcggagcgccccatgacgcccatcagccacgccgtgttccaccgcttcgccctgaaccagacccagaaggctgctctgctgcaa
107	HIE_SL_TRINITY_DN48344_c2_g1_i8	I1	1.0			827.0	0.0	0.0	ggggccaggc	tgacctgcgc	/home/norbert/mrdn/euglena/kod_i_pliki/surowe_pliki_plus_minus_500/raw_reads_9/fastas_after_mafft_na_probe/HIE_OG0030309.fasta	ggggccaggctacgcgggaggggcgtttacatccgaagcacagtatttcattaaacatcaaggaatattggaatcccaatttgggtttgattaatctatcacagagttcttcatttcagacctcgtccaccaattttgttcgccaaggatcaaattctcgagatctcaatattttggacaattctgtaaaagtcgcggaaagttaactcgccgtggatctctatacccatcgagtttttaatacccccaatcgccagtggaccgcaccgtgttcaatcagtcgcccatgtcaaaggctagatttctcatttttcgcttatatgagtttcatggtgtgcgtaattcccagaacacatttgtaaacagattaagagatcccgacaatctggaaattcccgtaaattccaaagatgggcgttcaccagaacatttccagttgctctaacggtgggaaagtttcatcaccaggaaaccgcaaaaaaaaacacgctaatggcaaaaaaattgttattaaaatgataaaatataaattatacagagcatattcatttttgatttttggtctaaataaaatccaaaggaacctagaaaaagggatttcctggaaacctccatcaagcccttaaaaaagcgcaggaaaaatggaccggaccgacgatttgagttcgacgattttttttggagtggattgtgacgtagtctcccaagccattcctcctgtgcccatggagcaaacaagaccgcctggcatgcaaatgcctcgggggggggcatggtaaatattgggggcacaaaaaggttcaaagcgaccaagcggtgacctgcgc
108	HIE_SL_TRINITY_DN48344_c2_g1_i8	E2	0.0	1	95.08	61.0	0.0	0.0	ggggccctct	cacctccccg	/home/norbert/mrdn/euglena/kod_i_pliki/surowe_pliki_plus_minus_500/raw_reads_9/fastas_after_mafft_na_probe/HIE_OG0030309.fasta	ggggccctcttcctgaagcggagctcccatccgctggcccacgccgcgcacctccccg
109	HIE_SL_TRINITY_DN48344_c2_g1_i8	I2	1.0			236.0	0.0	0.0	accgcccaga	catgtctgca	/home/norbert/mrdn/euglena/kod_i_pliki/surowe_pliki_plus_minus_500/raw_reads_9/fastas_after_mafft_na_probe/HIE_OG0030309.fasta	accgcccagacattcacctagtgtgcccacaaaacaatgttgcatcatgtgtgctgtgctcaccaaaaaaaaagttttcaccaaaaatgtgtttaccaccaaaaaagtgttcaccaagaaaaatgtgttcaccaaaatattcaccaaaagttcaccaaaaaaaccaaaaaaagtgttcgccaaaaaatttgtgctcccaatggcgttggccgacactctctgggtgcatgtctgca
110	HIE_SL_TRINITY_DN48344_c2_g1_i8	E3	0.0	1	100.0	178.0	0.0	0.0	accggctgcc	cccaggtccc	/home/norbert/mrdn/euglena/kod_i_pliki/surowe_pliki_plus_minus_500/raw_reads_9/fastas_after_mafft_na_probe/HIE_OG0030309.fasta	accggctgccccggggcctgggcggcctggcagcgttccagcaggtacgggagatgttcacggactcgttccgcgagctgcgggcgttccgcttctccaagcccgcccccagctgggaggacggccagcgcttccacgacatgctctccgtcatccagagccgccacacccaggtccc
111	HIE_SL_TRINITY_DN48344_c2_g1_i8	I3	1.0			343.0	0.0	0.0	cggccgaggc	gtctcggggg	/home/norbert/mrdn/euglena/kod_i_pliki/surowe_pliki_plus_minus_500/raw_reads_9/fastas_after_mafft_na_probe/HIE_OG0030309.fasta	cggccgaggctcccatgccccatggtgggtgtgggacagggggcgacacttttgagggtgggaaaattcaccttcattttcaagcacaatctaattttgaattgtgtgaatgccagcaccccggtagcgagcatctcatgatctttggtgaaactcgttttcaatgcctccacgattaaaggtttgcttggtatcttatggtgctgactgtttgggggctatggtgggcccatattgcctgctacgcgagacaccctcgcacctagcctcgccatgccatccatccaatcccatccatccgtacattttccacaagtgtgcccaggcatgggcgtctcggggg
112	HIE_SL_TRINITY_DN48344_c2_g1_i8	E4	0.0	1	100.0	154.0	0.0	0.0	cgaggtcatc	gatcggccag	/home/norbert/mrdn/euglena/kod_i_pliki/surowe_pliki_plus_minus_500/raw_reads_9/fastas_after_mafft_na_probe/HIE_OG0030309.fasta	cgaggtcatcttccagggctgccagcagctccgcgttcagctgcagcgcacgcacgggccccactgggcggaccacccggaccggcacctgacgcaggacgtgctggaggatttcttcggggcccgggtcgtcgtccgcttcctgatcggccag
113	HIE_SL_TRINITY_DN48344_c2_g1_i8	I4	1.0			624.0	0.0	0.0	cagccaatgg	cgattgccac	/home/norbert/mrdn/euglena/kod_i_pliki/surowe_pliki_plus_minus_500/raw_reads_9/fastas_after_mafft_na_probe/HIE_OG0030309.fasta	cagccaatggttcgtgtacttccccctacattgaagccccacagtgctgcttttgggcatctggttgtttttttctgtgtggggccgctgtttaacgcactttttttaaaaaaaacatgaatgaaaaacgatggaaatagggcgaggcttctatttgggcatttggtataaccttgggggctgggctctattcaggggcagttttctatttgggggggttgtggacattcgaaggggttgcctccctgggttggttgctctgggttgcccaggttgttttaaatactgagggttcagaggtttggagggggaaatttaaactcctcccaccaaaggtccagaagcataaataaagaatcgccacccggcggcagacacataccctcctcagaaagcgttcatgcccaggaacctgtcaggtacaacttcaggaagctctgtggattcaggtgacaacttcgtagcgggaagttgtcattttttaaataaataaaaaacactgcgttattgtcatcgatcgtggaaaagagctgtctctttatgcgcatggatcgttcttgggccatcattttactacgaatttccacgccggatggaggatgacaggacaccagcgattgccac
114	HIE_SL_TRINITY_DN48344_c2_g1_i8	E5	0.0	1	100.0	84.0	0.0	0.0	caattgcggc	ggattctgaa	/home/norbert/mrdn/euglena/kod_i_pliki/surowe_pliki_plus_minus_500/raw_reads_9/fastas_after_mafft_na_probe/HIE_OG0030309.fasta	caattgcggctccatgcacagtacgtccgaggggagagcccctccgacgtgtttgggctggtccagctcaaggtggattctgaa
115	HIE_SL_TRINITY_DN48344_c2_g1_i8	I5	1.0			313.0	0.0	0.0	cacccaagtg	cacttgttgc	/home/norbert/mrdn/euglena/kod_i_pliki/surowe_pliki_plus_minus_500/raw_reads_9/fastas_after_mafft_na_probe/HIE_OG0030309.fasta	cacccaagtgccatctgcacaccattaaccaggaaggctctgcttcatccaccattgagcaatattgatattatcggtaactttgagctgtgtagatggaacctgtaaaacttgacatataaaccagaggtggcggcttggcatgggatgtggttgattaagcgtggttatgggtttaattaactaattgtgcttaattaactcagagtggttcatagttgagttgaatgagcacccagctgaatggattgggaagcttgagtggccaatcgcacgcgtacaacgccctctgacttcagcaggcacttgttgc
116	HIE_SL_TRINITY_DN48344_c2_g1_i8	E6	0.0	1	100.0	66.0	0.0	0.0	catctgatga	tgtctgcccc	/home/norbert/mrdn/euglena/kod_i_pliki/surowe_pliki_plus_minus_500/raw_reads_9/fastas_after_mafft_na_probe/HIE_OG0030309.fasta	catctgatgaaggcgtccatcgcaactgcgaagcgcatggccatcgcctctttcaatgtctgcccc
117	HIE_SL_TRINITY_DN48344_c2_g1_i8	I6	1.0			2220.0	0.0	0.0	gagcaccccc	cgctggcggg	/home/norbert/mrdn/euglena/kod_i_pliki/surowe_pliki_plus_minus_500/raw_reads_9/fastas_after_mafft_na_probe/HIE_OG0030309.fasta	gagcaccccccctgtgacactccaacaggtggcttctttaaattcatgtcaagaggattaccggtattcggttttaacctcgacgcttctttccatttttgagagcaacaggacatgctgagacaagggcaaacctgccggatcccaaccaaattacaagcgccttctgttcttcatttacacaggtgtgccattaacgccctgcaagttccacaagttccacaatttataaatttgccctttttacaaacttacctactctagtctctccaacaccacagtttgcccctgcgattggaatttgttaaggggagggcatactctccggagggagatccagccagccagcaacctttttggcgcgccccctccagggttttaagttggccagggaggggcaagtgtgtgtttcccggaccccctccccccggggtttttttttttgcaaatgcccctcccccggaatgaaaagctgattttgcccctatatttggcgaaggcgccgattttttcggtataaaggacccaacagtgtccttgggacccaggttaaaatggcggtttgtaggggggaggtcccgaccccccccccccctctaggttcgggccggaccccccccccccctcagtatttgggggtccgaaaaccgaaatggaccacctggacgattttttttcctctggcgctcgcgcggggggaccttggtttgaggtttttaaccaaaaatgcaacccaaagtgcccaaaaactcgggttttggtgttaaaaaaccgaatgtgccggaccaaaaaaaaatttctcgaaggggaggggggggacccccccccctcccccttcatgagcccgcgccctcccgaggccaccccagggggggtgtccgactccccccccccccctccccggtctaaaaaccctgaccccccagccaaacaagcaacctaattttggctgggtgacagatgcgcaggcttgttaaaatttcgctgcgtttcagatacttatgcactcatttcctcctcctgctgctgcggagcccccccccccaggggggggttcggaggctggaccagtggctgtgtgccacaaattcgacactagatttgagatccatcaactttcaaatcctcttctttgcataattttcatttggggatattctggaaatctcaaatttgcattttctccagatgtgcctttgttgctttttgtttcatttttgacaaagatttttttccctgacgtctgcaacgttatttttcattctactgccactatgtactttcacttgtgaactgatattttcttgcctcaagaatcgccgcgttgcatggaaagaaaatgccccacagagtgcacaaattggtcattggttgcatcttgtgcaattgcaccacgctgcccacattgcattcggctgtagaaagggaaaattgtatggttggtcctcgggattttaaggaaagagcattctcttgcatatttcaggagcagccgtatcccctgccaccacctttcccccccccccagccagcagccttttccagctcgaggagggcaggtcccagagggggaaaatagcacttgcagtttttaaagtctttgccgtttttccattcgattttttgcagttctttgcacttttttgcagttttttttcgcaaaaaactgcaccgggccaaattttttgccgttttttttcgcagtttgtgcagtttgtattttgtgtgttttatgggcagatgcagtttttgcgtgcatttcaaggcccaggtgcatatttccccccctgcaggtccccgccttacaccccgtccccatgtccaacgatcacctatgcatcacccccccgatcagaggcacagatatttttctcgattttctttttccatgtgaaatagccggtgtccaatatcacccccgatcagccatgcattgtgatcgttggacatagggggggggtgtaagaaatcccccctgccctttgctcgtgcttaaacaggggggggcacgcagggggctggtaatggttcgctattgtctgtgcagcgagggtggatggccaggctcctttttctttcttcagtccctgcccattccggacactggagaagcaatgggccaaactttgtgcttccatttgcatctggctttccaaaaatattttccagccatgcacccccatctctctcggacatacctgcgagggcagcgctggcggg
118	HIE_SL_TRINITY_DN48344_c2_g1_i8	E7	0.0	1	100.0	140.0	0.0	0.0	gacatcgagc	gggccggcca	/home/norbert/mrdn/euglena/kod_i_pliki/surowe_pliki_plus_minus_500/raw_reads_9/fastas_after_mafft_na_probe/HIE_OG0030309.fasta	gacatcgagctcacctgcaagtgtggcacgcccttcatccagatcgggtaccacatccagttcatcaccgtgcgcctgctgcgccacgccatcatgggcgtgctgaaggcccacggcgtggagaaggtcagggccggcca
119	HIE_SL_TRINITY_DN48344_c2_g1_i8	I7	1.0			546.0	0.0	0.0	cgcctggggc	tccccaccgc	/home/norbert/mrdn/euglena/kod_i_pliki/surowe_pliki_plus_minus_500/raw_reads_9/fastas_after_mafft_na_probe/HIE_OG0030309.fasta	cgcctggggcttggtctaagcaagccaggatccggatgaaagccagtgcccggattggggaccaacacaaggtatagattgcccccacaggtaaataccctaaccccccgcttaatagctcaatggggcgattaattggacggtcggttaaatttttattaatttggggggggggctattaattggatttttgcgtcaagaaattttgctagaaaaaaggcaccaaaatgccccattttgcaaacccggggcaaatggccgatttcgaggcatcacaacaaaagcggaaatgtcgaaatgaactctttttggcctatttttgccccctggccgacccgggggggcagtgcctgcctgagtgggcactcaagggcactcgggacccccttccaggttaaaaaaaaaacagcctggtacgtctccttgggaagctgtcttgcacttgttgcaggcctctcctcgctgccttggagagaacttcccagagctagtcccgaaatcccagagacgctttgccaagcatcccccgggacccgtccccaccgc
120	HIE_SL_TRINITY_DN48344_c2_g1_i8	E8	0.0	1	100.0	92.0	0.0	0.0	cgctcccccg	gtctcgcgct	/home/norbert/mrdn/euglena/kod_i_pliki/surowe_pliki_plus_minus_500/raw_reads_9/fastas_after_mafft_na_probe/HIE_OG0030309.fasta	cgctcccccggtgaccatcaccgtggcggacgccgggggcaacgaggacctgtgcatccgcgtccaggacagcagcctgggcgtctcgcgct
121	HIE_SL_TRINITY_DN48344_c2_g1_i8	I8	1.0			1603.0	0.0	0.0	ccaccctggg	ggcccagcgg	/home/norbert/mrdn/euglena/kod_i_pliki/surowe_pliki_plus_minus_500/raw_reads_9/fastas_after_mafft_na_probe/HIE_OG0030309.fasta	ccaccctgggctcgttggctggcccctggccacaagcaaggttgggcattgtcttgatttggagaggggggttgataaaaattgataatttgacccccttcccgacaaagtccattttttttgagaaagtcgataatctcgatcttgccgcaggtgtggtctgattgcggtggtgcggccagatgccccctttccattgattcttttttgattttcacactttaccgcttttttgccccccccctcaaggcagtggcgcacctaatgagttgccagtttgccccgccccgagatagtggggctgggtcggtagtgcttcctacctacccctccccccatgcacaacggtcgggtttggtccaatcaccaccccctggtcagatgcaatattttcatgtccaaaacccctgcgaacatttggcagttgttggatggggggtaatagcaatgcagcattgggccaaggaagattccaactcgtgccctttgtgttgacgccctcttttttatatggcttgtcgttcaatttgggtgtgtttaaaatcactcagttcagagccaaagagggtatccaaaacagagctgtgcttaagaaatgattcccccccggggggggctggactgcagccgtccaaatggcagtccagccgcagtcagacccccctgcttaccccatccaacgcgccgcaaatgtccaagcatcagagcgtgcttaagaaatgtagtcccccggggagccagtccaaattggctttccagccccaaagcccccccccttcgctagcagtccccgaaaattcggcgcagccgaaatggcgttttttcgtgttggggctttttgcctttctttgcctctgcctcccagcccagaccccccccccggagggggggggtgagctatccatggttctagcagtcaaaatctgcccaccccgggtcctagcaagcccgaccaagtttcaccgagcgaacaaagctttaaaaccgggtgtcacccttcgaatcaagtaccccacacaccttccattattgtatcccccaaaagtattccctcgcacttttttctttgttcgccacatgtcgcgcaaaaagctttctttttcctatcctgcgcattttaccatagctgccataaaatatgggagacatttttcccttggatggattgttgagtgtttacttttcggaaattaatggtgaaataaagtggtgtgccttgcatttgcacattgcgcgcgctcgatgtgtttctttggtcaatattttttgttaaaaatgtcaaatatattcactcccaagagcttcggcgtatcaaacaaaccgcgggttcagcggtgaactagtaaactgggggttgaactgcgggttgggttctgcgggttgaggggtgggtggggtgaaggacggtgagggggatgagagggaggactcggatcttgattcgccatactgttacaccttgcctttgctcaccagatggtgggtatgttatttttgtgctgtcacatatatatccacacacatacattatatggttttattatgaagtattagagatcgactgccaggctttctggggcccgggccaacgcgggcccagcgg
122	HIE_SL_TRINITY_DN48344_c2_g1_i8	E9	0.0	1	100.0	97.0	0.0	0.0	ccaagctgcg	agtacggaga	/home/norbert/mrdn/euglena/kod_i_pliki/surowe_pliki_plus_minus_500/raw_reads_9/fastas_after_mafft_na_probe/HIE_OG0030309.fasta	ccaagctgcgctacctgtggagctacctgcacgatgatgctcgcctcggggagcgggagtgggtggcggcatcccccgaggaccggaagtacggaga
123	HIE_SL_TRINITY_DN48344_c2_g1_i8	I9	1.0			227.0	0.0	0.0	gagcagggga	ccctggaggc	/home/norbert/mrdn/euglena/kod_i_pliki/surowe_pliki_plus_minus_500/raw_reads_9/fastas_after_mafft_na_probe/HIE_OG0030309.fasta	gagcaggggatggtcttatgccaatttaatattgtcccgtgcgtcgaggtcgtaattttttttcagtggcttgctatgggtcgaatgaaataaagttggtccagctctgcttatccgaaaacacccgtacgaaggggcccaaccaccaggggccttttccagctcggggagctgaccccccacacaccctccggggggtcccaaagactaagagatcccctggaggc
124	HIE_SL_TRINITY_DN48344_c2_g1_i8	E10	0.0	1	100.0	76.0	0.0	0.0	gagcttcggg	cgtggagggc	/home/norbert/mrdn/euglena/kod_i_pliki/surowe_pliki_plus_minus_500/raw_reads_9/fastas_after_mafft_na_probe/HIE_OG0030309.fasta	gagcttcgggctgcccctcgcccgcctgcgggcccggctgttcggcggggacgtcgtggtgcagagcgtggagggc
125	HIE_SL_TRINITY_DN48344_c2_g1_i8	I10	1.0			300.0	0.0	0.0	ctgggcaggg	gccctggggg	/home/norbert/mrdn/euglena/kod_i_pliki/surowe_pliki_plus_minus_500/raw_reads_9/fastas_after_mafft_na_probe/HIE_OG0030309.fasta	ctgggcagggctgaccgggacgcccccaaaacaccccccagggtgggtgggggtgggttggggtgggttgactccccatgacataggtgatcgttggacatgggggggggattgtttttcccttcgtgtggctacaccacacgacatttcaaccccgctttgcttatgggcatacctgagtttgaggttttgcggacacctgggggggggttactgctagtcagtccgattttgggctagtccagctcttgtagtcccccggaaccccccccccccggcaagcctgtttagccctggggg
126	HIE_SL_TRINITY_DN48344_c2_g1_i8	E11	0.0	1	100.0	47.0	0.0	0.0	ctggggctgg	agccggaggc	/home/norbert/mrdn/euglena/kod_i_pliki/surowe_pliki_plus_minus_500/raw_reads_9/fastas_after_mafft_na_probe/HIE_OG0030309.fasta	ctggggctggacatgtacgcgtacatcccgaagttcaagccggaggc
127	HIE_SL_TRINITY_DN48344_c2_g1_i8	I11	1.0			751.0	0.0	0.0	ggccgtgcca	tcatgatggg	/home/norbert/mrdn/euglena/kod_i_pliki/surowe_pliki_plus_minus_500/raw_reads_9/fastas_after_mafft_na_probe/HIE_OG0030309.fasta	ggccgtgccacagcttcatggcatcagggtttctggcactggtgctggaagaacggctttcctccattggcattgtagatactatcatatgaattaccaaattccccaatacccctgtggtggtcaaaatgggttcggttgttgagccgagggaaggtttatatgttcactcagttgtcagccaaaccagacccaaaggggcacaaacccacccaaaaaacgcagaacaccaaaaaacataagggttttttttgcattctgccgaggacaatcttttggcttgtggtaatcagccccttttcactgcaaatttcatgttcctgcattacatcacagtttcaggggggagttaggtctgggccctccctgccccctggggacagcaaaaaaaacaaccaggctggtcgaatgcccggaggtaaaaattttccaaaaaaaatgtgtaacttctggggaattttggaatttgcgagaaggttgtcaaacttggtgtttttttttggaaagaggaaaattcagcaatcgtacagttattgaaaaaattgcgaaaatttgtacctttttattattatttctggccatttgatttttttgaaggaattgtacaaaaaatcgaaaccctatcgcaaaaacggccacattttcccagaccttttcgaaagaaaaaaattccgcaatctttgcccccagggctgcgatccgcatattttgcctcaaggatgggtgcccgttgcagctgtgtcatgatggg
128	HIE_SL_TRINITY_DN48344_c2_g1_i8	E12	0.0	1	99.05	211.0	0.0	0.0	ggtgctctcc	tataaccagg	/home/norbert/mrdn/euglena/kod_i_pliki/surowe_pliki_plus_minus_500/raw_reads_9/fastas_after_mafft_na_probe/HIE_OG0030309.fasta	ggtgctctccaggcccccgttcccgaattgatgtgcgcttttgggcgcattcgcaccaagcattcacttgtacaatagtcatcccagatctatgtcctctcagcccaagatctggagtcacgtgtgcacaatctcccatctgctaatgcggttgggcgcaagtgtcttctatgtccctctttcacttgcaaatttcaacagtataaccagg
129	GRA_SL+_TRINITY_DN42647_c0_g1_i3	E1	0.0	1	98.86	88.0	286.0	199.0	tggcagcggt	ccatcagcca	/home/norbert/mrdn/euglena/kod_i_pliki/surowe_pliki_plus_minus_500/raw_reads_9/fastas_after_mafft_na_probe/GRA_OG0030309.fasta	cggcagcggtgcgggagcgggcggagtacctcgacgtgatggaggagatgaagtacttctcagagcggcccatgacgcccatcagcca
130	GRA_SL+_TRINITY_DN42647_c0_g1_i3	I1	1.0			132.0	287.0	418.0	cgccgtgcaa	acgtgcttgg	/home/norbert/mrdn/euglena/kod_i_pliki/surowe_pliki_plus_minus_500/raw_reads_9/fastas_after_mafft_na_probe/GRA_OG0030309.fasta	cgccgtgcaagcacctacataatgactcggcgtgactgcgcgtgactgggcgtgactgcgcgtgactggacgtgactgcgcgtgactggacgtgactgcgtgtggggatcctggatgaccatacgtgcttgg
131	GRA_SL+_TRINITY_DN42647_c0_g1_i3	E2	0.0	1	100.0	57.0	475.0	419.0	cgccgtgttc	tgctgcaggg	/home/norbert/mrdn/euglena/kod_i_pliki/surowe_pliki_plus_minus_500/raw_reads_9/fastas_after_mafft_na_probe/GRA_OG0030309.fasta	cgccgtgttccaccgcttcgccttgcaccagacccagaaggcggcgctgctgcaggg
132	GRA_SL+_TRINITY_DN42647_c0_g1_i3	I2	1.0			1299.0	476.0	1774.0	ggccaggccg	cctgtggcac	/home/norbert/mrdn/euglena/kod_i_pliki/surowe_pliki_plus_minus_500/raw_reads_9/fastas_after_mafft_na_probe/GRA_OG0030309.fasta	ggccaggccgtggcgcaggccttcgcgctggccctcggcagcccctgcggtgtgtgagtttgtcaatgtgtgggtttggcgaaggccatttttgtttttggaatctgtggtcccccgtcttcagggcagaacgggaccagggattttcttgagccccacccccctccccgggtgtccgctggaataaagtcgggtctgccctgcaaaaccaggcgggactgaacgtattttttcgcacaaagtgccaaaaactccagaggtcagcaatggttaacaatggcattttgagctttccaatcgatccaccaccccagggagggtccagttttaccagccagacagataggccaggtcgtaggaaaacccctgaacgctcctatgagatggctgttgggcagtcgacccctgcccctcgcttctctgtttgcatttcatttttctgggttgctggtttttttttgggggtcaatttttgatcactccttcagcgttgaagaaaattctctttgcaaactgctttggtggcccctcccaggcttttccaaaactcgctggataccgcgcgcgtctgggtatgttctggtgcgaatcgctggaatattttggaaaatgtcttcaaatggcccgttttattgggggtgatttttagggttcgacctccgaggggttttcgaaaaacctggcaccttttggccttgttctttggagaggctttggtgatttgacaaaacagatgcaggactgaaccgacaaatttaagaaaaaatgcaatttcctccagcgaacgtccaaatttccaaaatgcaagaatcatgctgatctttgaagatgtatttgcttcctttgccaaatcattttgctttattttgctattaatttggagtttagtatgcctttttttgaattctggatttgaaaggacctgagattttatgtgaattctgatggatgtcccccaaaaaagttccgagtttttttccgctcaggttttttttctggctgtttaagtggccgtccagattgtttttggaattttcaggatttttgctgtcaacaattcctccccgggtcagattcccccggtatatttgcagatttggggaacagcagcaaagctggatggttgcgcccttcgggtgtccaaagcagagggcgcagttgcagtttttttggttatttcattttgcgatgaggtgctggggtttttttttttgtctctaggctgggacgtgattttgcattccgctggccttgttgggaggggggagaccaggcgctggctgcggtggcctgtggcac
133	GRA_SL+_TRINITY_DN42647_c0_g1_i3	E3	0.0	1	100.0	52.0	1826.0	1775.0	agccctcttc	ctccgcgcac	/home/norbert/mrdn/euglena/kod_i_pliki/surowe_pliki_plus_minus_500/raw_reads_9/fastas_after_mafft_na_probe/GRA_OG0030309.fasta	agccctcttcctgaaggcggagctgcccatccgcctcgcccactccgcgcac
134	GRA_SL+_TRINITY_DN42647_c0_g1_i3	I3	1.0			2440.0	1827.0	4266.0	ctccctgtaa	accaacctta	/home/norbert/mrdn/euglena/kod_i_pliki/surowe_pliki_plus_minus_500/raw_reads_9/fastas_after_mafft_na_probe/GRA_OG0030309.fasta	ctccctgtaaggttggtaagactagtcgactagtcgattattcattcgggacccccgaacaggaataattgttcatgcccaaaaagaatagttgtgaacagatttgcctctgaatattttgaagaaatgcactacacccaggggttatttttgcagccaatatgtgaagccaaccacaatgcaataaaggctgccattgacaggaggtgcacaagttgtgctcaacgggtcagaccagactctgctttttttggcgtggcatacaggggatgtcataaacacacagtaaattcatgcgcactttagccctctgctcacctgtcacttgccaaagccaattccccccaaaaaacctgatgaagacatgctgcacaacccaatcctcaaccgtaaatgaatccccccagccagaacccaacccacaacttgaaagcaacgaggcagcattcacggactcatcctgcaaacagacacgaaggtcagaatagagctgaaactcctttccacggatacggatgcctcagacggggtgattgaaaaaactgctaaggcaatttgagacaaaagcgggacaaccagggcaacctgccccctcagggcacagcagaaccggttgtgctctgtatgagaattgggaatggtcagtggggggccagtttgtgagataggcagttgggtcgagagccttagtgatgaagtagatcccgctactgaaatgtttcccacaatgcttctccagcgctgccagtgcaggggtatgaaaggtcgtcaggtccacttgtccgttccagtgtgccttgattttctcgatgtgactgacgacatataaatttttctttgcattacactgcggacaggtgcacctgaggaagcactatccatttccgcatccttggtggcgttcaccacaggtctgattcgttccacgcaccgcctcatggtcccccagtccgcatcacttgtacgagaaacagaccccaccctcaccaatcagcgttctataacacctggtggacaggggattgccaaacgaacgtgtgcttgaatgtccagcagggtctccatgctgtgcaccaaagttgaccatctggggtccacaggattaataggcagtttgccctcccccagtccggcaatctggtgggaggatgttacttttttgggggggggacaacatcacccgctggtgttgcttgattttcttttgtacctcagcacactggcattgctccagaactgaacgaagggtggcacttgcgccctcaccagaggggtttcctccagatcttgaagcagtaactggaaagaatgtgccgcacagcggatcaccatgcacgcaggatcctcctcctgcaccctggtgtgacagagagatgaaacagaaacccgcccacagttttctttacctgttcagagcattctggacagcagagttgttgttctcaaccactgcaacaacgttgatgcctttcccctgcaggaaagccttgctggtcttgaccacctccaaaacttcatcagccgcattggccccggtttccacagagtcaatgagataggcttcccctcttgcaaaagcacagtgttgtaaattgtctggtgccgcgcgttggtccaaccgtccgcccccaggcttacacaggaatatttcacccgaaaatggaatgcatacagatgttttcatggtaaaaatgtcagaccttctccaaaatgcgggcatcaattttctcagcaagggggatggaactgccaaactgttttttgaatatggggttctccagcagttggaaaggtaaacagttgcgagcccaaattgccacaatatactcggatgacgacaggtcctcgtgggcttttgctcccatttgaacaaacacgttcagtttcttttgacctgcaaaacagtttttgacagcccacaggaaaaaaaaacaagcacacttgtctattggggtttgttgttccaaactgtgcttcatctttaaatggttcatcattgaagaggtgtttccgtggtaagccttttccccctccagcccattgcccttgcaaatctcgaaggtaataggtgtattataacaccggggcagcaatgagcacaccttgcacgtaactgagcgcttctctccagaatcttggaaaaatgttcccatacccaattcttctcaataaccatgatgcaagaaaggaaagaaaccttctgagctaattttaggtgtggggattccaatttttttgatttcccccccaaaaattcgggtttggtgattcctaatttggctgccgaaaatgtggtgttcccccagtgacccccccccgtgacccccccccgtgaccccccccatgaccccggaggggtaatcgactattcgtcggatcggggagatagatcgctttcattcgttcacgaggttgaacgaacactattctaccaacctta
135	GRA_SL+_TRINITY_DN42647_c0_g1_i3	E4	0.0	1	98.08	52.0	4318.0	4267.0	ctccctgacc	ttccagcaag	/home/norbert/mrdn/euglena/kod_i_pliki/surowe_pliki_plus_minus_500/raw_reads_9/fastas_after_mafft_na_probe/GRA_OG0030309.fasta	ctccctgaccgcctgccccgcggcctcagcggcctcgccgcgttccagcaag
136	GRA_SL+_TRINITY_DN42647_c0_g1_i3	I4	1.0			635.0	4319.0	4953.0	gtgcgggagg	atgggcaacc	/home/norbert/mrdn/euglena/kod_i_pliki/surowe_pliki_plus_minus_500/raw_reads_9/fastas_after_mafft_na_probe/GRA_OG0030309.fasta	gtgcgggaggccaggctgcccttgccggcaaccaacgaccctatccgcccccgggagggcacacggctgaaagtcaccagctcacacacagcaccaaacagaccaacgctacagaagcgtgtttccaggcacgccctcccccttgctttttggcgtgtttttttttgttttattcaagtttttttttttctcgtagatgctcatttgtggcatcaatttacctggatcagcttcggccaccccctctcccagaggcgagcctctgtgggcagcccatagcacacggcaccccatccccgacgcagggtcgaaaaaaatgtacccccctccccacgtccagcgaacacgctggtccattgaacacctgtttggaatgcaccttctgtcgcccaggtgtttgttggacggccagcaacttttcaaaccaacgactaatttccaaagtgtgccaatgtttcatcacatttattgtaatcccacaaaatttgaagacattggtgtttgccacatgatgaacatttgctctggcaacaaaaatggccttttcccagaaacaaccaccttttccaaaaaaagcctttcctttttgccaactccacaaaaaaggagttttctcgatgggtgcatgggcaacc
137	GRA_SL+_TRINITY_DN42647_c0_g1_i3	E5	0.0	1	99.24	132.0	5085.0	4954.0	tgcgggagat	aagcgggtcc	/home/norbert/mrdn/euglena/kod_i_pliki/surowe_pliki_plus_minus_500/raw_reads_9/fastas_after_mafft_na_probe/GRA_OG0030309.fasta	tgcgagggatgttcacggactccttccgggagctgcgcgcgttccagttctccaagccggccccgagctgggaggacggccagcggttccacgacatgctctccgtcatccagagccgccacaagcgggtcc
138	GRA_SL+_TRINITY_DN42647_c0_g1_i3	I5	1.0			347.0	5086.0	5432.0	ctggtcgagg	ggtctcgacg	/home/norbert/mrdn/euglena/kod_i_pliki/surowe_pliki_plus_minus_500/raw_reads_9/fastas_after_mafft_na_probe/GRA_OG0030309.fasta	ctggtcgaggcctgacacaaaatcgacacaccctctccaaaggggtgggagattgccgtgaccctgtttgaatggttgaggttcttcaggtcagtgccgattggagctcctcaaagctgcacgttttttttatatactaaatattaacatttttgatatatttttcatttttgttctcacaaccagaccaccgtgtgcccaacccaccggggagggggggggacacggacacacagggcagactggtttttcaaaaaagcgattgattgttttttgccaaaaagaaatatcccccccccagggatcagtgggcaactgacctctgcctgaccctcggggtctcgacg
139	GRA_SL+_TRINITY_DN42647_c0_g1_i3	E6	0.0	1	99.35	154.0	5586.0	5433.0	ctgagatcgt	tgattggcca	/home/norbert/mrdn/euglena/kod_i_pliki/surowe_pliki_plus_minus_500/raw_reads_9/fastas_after_mafft_na_probe/GRA_OG0030309.fasta	ctgagatcgtcttccagggctgccagcagctccgcacgcagctccagcgcacccacggggccaactgggccgaccaccccgaccgccaactcgcccaagatgtgttggaggacttcttcggggcccgtgtcgtggtgcgcttcctgattggcca
140	GRA_SL+_TRINITY_DN42647_c0_g1_i3	I6	1.0			356.0	5587.0	5942.0	gcgcccagtg	gtcactgcgg	/home/norbert/mrdn/euglena/kod_i_pliki/surowe_pliki_plus_minus_500/raw_reads_9/fastas_after_mafft_na_probe/GRA_OG0030309.fasta	gcgcccagtgccttgcggggcccactggcagtgctgcccaggaaccccagaaaccctgttgtccttcccgatgtttttctttttcttcaggggctccaacatttgggccaacttttttatttcatctcctttgatggtgaagaagttttatgcatcggcggtgctatcatggtgccattatgcccggtgccgaaggtgcctgacagcccaaaaaggtccttttgaaaacgaaaaaaaattgtgtccgatttctggcccacaccccccccagattgattcagcccggttccagcagtgccaaacgtcacatctacagaattgcagaaccaaacggagtgcctcgccagtcactgcgg
141	GRA_SL+_TRINITY_DN42647_c0_g1_i3	E7	0.0	1	100.0	84.0	6026.0	5943.0	gcaattgcgg	tggattctga	/home/norbert/mrdn/euglena/kod_i_pliki/surowe_pliki_plus_minus_500/raw_reads_9/fastas_after_mafft_na_probe/GRA_OG0030309.fasta	gcaattgcggctccatgcgcagtacgtgcggggggagagccacgcggacgtcttcgggctcatccagctcaaggtggattctga
142	GRA_SL+_TRINITY_DN42647_c0_g1_i3	I7	1.0			1669.0	6027.0	7695.0	gcgccgaagt	gcgcttgcac	/home/norbert/mrdn/euglena/kod_i_pliki/surowe_pliki_plus_minus_500/raw_reads_9/fastas_after_mafft_na_probe/GRA_OG0030309.fasta	gcgccgaagtgccatttgttggaacctgaggattttccttaggggtcagggctgtgaacctaaatgtgcagctgagtttgttttttttaaaaaaaaacttgcataccctcttctggcctgccactggtttctgcctgtggcctttttatctgtgttgtggaggctggggttggggagagtgcatggcctttttcaagggaaaattacctgattcggcccagcttctgactctctttcattgtggtattttttttgtcattttcgcaattgtgtctttttctttgcttcccaagtattgagaactgtttttaaagccaatttccaccaaaactccttttctaaccccccccccaaatcagacccccccaaaataagacctcccctgacggcgcgaagcaccggagatggtgaaaattttccctaaaaaataccaaaacctcaatttcacacacaaaaatgatgcaatttcaaaaaaaatttgatttttggggtgcaaaaaacatgctgaacgtcaacttaccccaatttacacacggcgcgaagcgccgaaggaaaaaatttaatctttttgggaacatgaaaaatgaccttttttcgggcccgggtcggtcaagcaaaaatccaaaataagacccccccaaaataaccccccccccctggaggtttccagcaacggtcgcaaaaataagacccaaaaatccaccaatatgtccatccacaaacaccgatattttttcaaagaattttttccccggccgagatgcagaagaaacctgaaaccctaaatttgtcattcagtctttttcctcaaaatggattcaaaagcatgagggcatgatatttttttaattacacgcattttttattgcaaaaaattgtgtgacccttcaagcagggggcggtgaaacgcaaacacgaatttttgtgttttttttgtgtttttcagttttgcagaatttgtgcttttttcgctttttttttgcgctttttttccatggtgattctttgactgtagaaaattcctttttggccctgatttttcacgaaatccaaaatttttgtcaatttttggcattttttccaaaaatttttttgcagattttttttgcgttcttgtcgcatccccccccccactgcttcaaggctccataaaaaggtaacagacctgttgttatttcaggcttgctgtaagttttacagaattccaattgaagaccaactcactaatttttgcagggggtatattaattagacaagttgatattgttgcatttttgaagaatgttgtgtattttttccttttagaaatggcaatttttttccctcgaaaattgcattgcgtgaagttctcggaatctttttaaaagataattcagcgtcattgcatcacatttacaggtgccttcaggtcaggtcaagccatttacaggtgccggttcctgaacccataattttctgagctgacccctcctgtgttggaggagggccacctccccccccccccgctccaggcgtcccacgcgtccccgtggcgccttcccgctttttttggagagtggaaatggccccgcacaaatggacataagaaccaatgcacaaattaaatttcaaaagtcaaaagcaatactttcaatttatcaattcgtctgtttgtgactggcgcttgcac
143	GRA_SL+_TRINITY_DN42647_c0_g1_i3	E8	0.0	1	100.0	67.0	7762.0	7696.0	gcatctgatg	tgtatgccct	/home/norbert/mrdn/euglena/kod_i_pliki/surowe_pliki_plus_minus_500/raw_reads_9/fastas_after_mafft_na_probe/GRA_OG0030309.fasta	gcatctgatgaaggcgtccatagcaaccgccaaacggatggccctcgcctccttcaatgtatgccct
144	HIE_SL+_TRINITY_DN47597_c0_g1_i1	E1	0.0	1	99.32	147.0	345.0	199.0	cgaacttcat	tgaggcaatt	/home/norbert/mrdn/euglena/kod_i_pliki/surowe_pliki_plus_minus_500/raw_reads_9/fastas_after_mafft_na_probe/HIE_OG0030308.fasta	agaacttcatgcgaagaagcataatgtgctaacaaggatggccgaacgaggcaagttcccaaattacatcgaggacacagcacgcgcacaacgtttcattaggagcttcaaagatgcttctggaattccgaaatatctgaggcaatt
145	HIE_SL+_TRINITY_DN47597_c0_g1_i1	I1	1.0			64.0	346.0	409.0	ggtgtgcctt	tttgcatcca	/home/norbert/mrdn/euglena/kod_i_pliki/surowe_pliki_plus_minus_500/raw_reads_9/fastas_after_mafft_na_probe/HIE_OG0030308.fasta	ggtgtgccttttgcattgtgccttttgcattggacgtgtcgctgccaattttgttttgcatcca
146	HIE_SL+_TRINITY_DN47597_c0_g1_i1	E2	0.0	1	100.0	58.0	467.0	410.0	gcaagagatc	tgatctgtac	/home/norbert/mrdn/euglena/kod_i_pliki/surowe_pliki_plus_minus_500/raw_reads_9/fastas_after_mafft_na_probe/HIE_OG0030308.fasta	gcaagagatctccgacaggaagacaagaatatttgaattatcgttggatgatctgtac
147	HIE_SL+_TRINITY_DN47597_c0_g1_i1	I2	1.0			52.0	468.0	519.0	caggtagctc	tctctttggt	/home/norbert/mrdn/euglena/kod_i_pliki/surowe_pliki_plus_minus_500/raw_reads_9/fastas_after_mafft_na_probe/HIE_OG0030308.fasta	caggtagctccacgcttgctttataatgtggtccaatggcattctctttggt
148	HIE_SL+_TRINITY_DN47597_c0_g1_i1	E3	0.0	1	100.0	48.0	567.0	520.0	caggcaaaag	aaacaccatt	/home/norbert/mrdn/euglena/kod_i_pliki/surowe_pliki_plus_minus_500/raw_reads_9/fastas_after_mafft_na_probe/HIE_OG0030308.fasta	caggcaaaagaagatgaattggccgacaagattcggacaaacaccatt
